 51544.0         0.0000000000               0.000000            6993.000000               0.000000           -5.3412040            0.0000000            5.3412040
 51544.0        60.0000000000            -320.247831            6978.313363             320.247251           -5.3299855           -0.4893821            5.3299562
 51544.0       120.0000000000            -639.150452            6934.315497             639.145725           -5.2963797           -0.9766969            5.2962608
 51544.0       180.0000000000            -955.368449            6861.192252             955.352419           -5.2405299           -1.4598863            5.2402622
 51544.0       240.0000000000           -1267.573868            6759.252460            1267.535855           -5.1626747           -1.9369105            5.1622001
 51544.0       300.0000000000           -1574.455886            6628.926566            1574.381774           -5.0631463           -2.4057571            5.0624084
 51544.0       360.0000000000           -1874.726382            6470.764726            1874.598737           -4.9423690           -2.8644495            4.9413136
 51544.0       420.0000000000           -2167.125413            6285.434381            2166.923633           -4.8008572           -3.3110561            4.7994330
 51544.0       480.0000000000           -2450.426543            6073.717326            2450.127030           -4.6392131           -3.7436982            4.6373718
 51544.0       540.0000000000           -2723.442019            5836.506280            2723.018385           -4.4581235           -4.1605584            4.4558203
 51544.0       600.0000000000           -2985.027765            5574.800990            2984.451054           -4.2583568           -4.5598877            4.2555510
 51544.0       660.0000000000           -3234.088170            5289.703881            3233.327112           -4.0407595           -4.9400136            4.0374147
 51544.0       720.0000000000           -3469.580652            4982.415284            3468.601934           -3.8062521           -5.2993463            3.8023366
 51544.0       780.0000000000           -3690.519983            4654.228258            3689.288542           -3.5558251           -5.6363856            3.5513124
 51544.0       840.0000000000           -3895.982355            4306.523044            3894.461689           -3.2905346           -5.9497267            3.2854034
 51544.0       900.0000000000           -4085.109171            3940.761165            4083.261668           -3.0114976           -6.2380658            3.0057321
 51544.0       960.0000000000           -4257.110554            3558.479216            4254.897834           -2.7198868           -6.5002052            2.7134772
 51544.0      1020.0000000000           -4411.268556            3161.282359            4408.651825           -2.4169262           -6.7350576            2.4098686
 51544.0      1080.0000000000           -4546.940064            2750.837564            4543.880479           -2.1038854           -6.9416508            2.0961821
 51544.0      1140.0000000000           -4663.559387            2328.866613            4660.018427           -1.7820748           -7.1191305            1.7737342
 51544.0      1200.0000000000           -4760.640523            1897.138909            4756.580370           -1.4528394           -7.2667641            1.4438765
 51544.0      1260.0000000000           -4837.779101            1457.464107            4833.163015           -1.1175541           -7.3839428            1.1079900
 51544.0      1320.0000000000           -4894.653985            1011.684605            4889.446689           -0.7776178           -7.4701843            0.7674800
 51544.0      1380.0000000000           -4931.028550             561.667917            4925.196603           -0.4344476           -7.5251340            0.4237698
 51544.0      1440.0000000000           -4946.751613             109.298958            4940.263786           -0.0894735           -7.5485665            0.0782957
 51544.0      1500.0000000000           -4941.758025            -343.527727            4934.585668            0.2558676           -7.5403865           -0.2674994
 51544.0      1560.0000000000           -4916.068928            -794.915774            4908.186322            0.6001373           -7.5006286           -0.6121714
 51544.0      1620.0000000000           -4869.791663           -1242.974809            4861.176366            0.9419016           -7.4294577           -0.9542805
 51544.0      1680.0000000000           -4803.119339           -1685.828238            4793.752514            1.2797364           -7.3271682           -1.2923975
 51544.0      1740.0000000000           -4716.330063           -2121.620990            4706.196788            1.6122335           -7.1941829           -1.6251090
 51544.0      1800.0000000000           -4609.785829           -2548.527179            4598.875391            1.9380059           -7.0310515           -1.9510234
 51544.0      1860.0000000000           -4483.931074           -2964.757662            4472.237236            2.2556934           -6.8384488           -2.2687761
 51544.0      1920.0000000000           -4339.290898           -3368.567470            4326.812148            2.5639683           -6.6171719           -2.5770356
 51544.0      1980.0000000000           -4176.468954           -3758.263072            4163.208724            2.8615408           -6.3681378           -2.8745086
 51544.0      2040.0000000000           -3996.145019           -4132.209451            3982.111879            3.1471641           -6.0923795           -3.1599453
 51544.0      2100.0000000000           -3799.072247           -4488.836964            3784.280063            3.4196400           -5.7910424           -3.4321451
 51544.0      2160.0000000000           -3586.074106           -4826.647956            3570.542179            3.6778237           -5.4653798           -3.6899612
 51544.0      2220.0000000000           -3358.041022           -5144.223094            3341.794185            3.9206288           -5.1167483           -3.9323060
 51544.0      2280.0000000000           -3115.926733           -5440.227403            3098.995416            4.1470321           -4.7466024           -4.1581553
 51544.0      2340.0000000000           -2860.744360           -5713.415959            2843.164620            4.3560782           -4.3564884           -4.3665535
 51544.0      2400.0000000000           -2593.562217           -5962.639238            2575.375740            4.5468834           -3.9480386           -4.5566172
 51544.0      2460.0000000000           -2315.499377           -6186.848055            2296.753430            4.7186401           -3.5229645           -4.7275399
 51544.0      2520.0000000000           -2027.720995           -6385.098116            2008.468357            4.8706202           -3.0830495           -4.8785951
 51544.0      2580.0000000000           -1731.433435           -6556.554106            1711.732277            5.0021789           -2.6301418           -5.0091401
 51544.0      2640.0000000000           -1427.879190           -6700.493340            1407.792929            5.1127572           -2.1661461           -5.1186188
 51544.0      2700.0000000000           -1118.331640           -6816.308915            1097.928751            5.2018849           -1.6930157           -5.2065642
 51544.0      2760.0000000000            -804.089664           -6903.512379             783.443458            5.2691826           -1.2127441           -5.2726011
 51544.0      2820.0000000000            -486.472126           -6961.735872             465.660493            5.3143637           -0.7273563           -5.3164475
 51544.0      2880.0000000000            -166.812270           -6990.733747             145.917386            5.3372357           -0.2388996           -5.3379159
 51544.0      2940.0000000000             153.547959           -6990.383658            -174.439958            5.3377011            0.2505651           -5.3369147
 51544.0      3000.0000000000             473.263633           -6960.687094            -494.063005            5.3157582            0.7389722           -5.3134481
 51544.0      3060.0000000000             790.992575           -6901.769373            -811.606360            5.2715003            1.2242610           -5.2676163
 51544.0      3120.0000000000            1105.401077           -6813.879092           -1125.733514            5.2051161            1.7043846           -5.1996152
 51544.0      3180.0000000000            1415.169578           -6697.387027           -1435.122547            5.1168885            2.1773188           -5.1097352
 51544.0      3240.0000000000            1718.998277           -6552.784501           -1738.471763            5.0071930            2.6410710           -4.9983596
 51544.0      3300.0000000000            2015.612647           -6380.681223           -2034.505233            4.8764961            3.0936890           -4.8659636
 51544.0      3360.0000000000            2303.768828           -6181.802618           -2321.978201            4.7253531            3.5332692           -4.7131108
 51544.0      3420.0000000000            2582.258877           -5956.986648           -2599.682354            4.5544056            3.9579652           -4.5404518
 51544.0      3480.0000000000            2849.915847           -5707.180166           -2866.450918            4.3643780            4.3659951           -4.3487203
 51544.0      3540.0000000000            3105.618679           -5433.434800           -3121.163556            4.1560748            4.7556494           -4.1387298
 51544.0      3600.0000000000            3348.296873           -5136.902411           -3362.751059            3.9303764            5.1252978           -3.9113702
 51544.0      3660.0000000000            3576.934941           -4818.830123           -3590.199791            3.6882352            5.4733961           -3.6676036
 51544.0      3720.0000000000            3790.576607           -4480.554984           -3802.555902            3.4306717            5.7984922           -3.4084599
 51544.0      3780.0000000000            3988.328735           -4123.498255           -3998.929257            3.1587696            6.0992319           -3.1350323
 51544.0      3840.0000000000            4169.364998           -3749.159367           -4178.497095            2.8736712            6.3743645           -2.8484725
 51544.0      3900.0000000000            4332.929244           -3359.109588           -4340.507395            2.5765726            6.6227471           -2.5499861
 51544.0      3960.0000000000            4478.338567           -2954.985393           -4484.281938            2.2687183            6.8433495           -2.2408267
 51544.0      4020.0000000000            4604.986069           -2538.481609           -4609.219053            1.9513966            7.0352576           -1.9222913
 51544.0      4080.0000000000            4712.343304           -2111.344330           -4714.796052            1.6259334            7.1976771           -1.5957148
 51544.0      4140.0000000000            4799.962405           -1675.363646           -4800.571334            1.2936876            7.3299362           -1.2624643
 51544.0      4200.0000000000            4867.477870           -1232.366217           -4866.186154            0.9560452            7.4314880           -0.9239337
 51544.0      4260.0000000000            4914.608031            -784.207707           -4911.366064            0.6144136            7.5019129           -0.5815380
 51544.0      4320.0000000000            4941.156174            -332.765120           -4935.922013            0.2702162            7.5409195           -0.2367077
 51544.0      4380.0000000000            4947.011330             120.070942           -4939.751097           -0.0751132            7.5483459            0.1091169
 51544.0      4440.0000000000            4932.148716             572.404069           -4922.836984           -0.4201363            7.5241606            0.4544915
 51544.0      4500.0000000000            4896.629845            1022.339857           -4885.249976           -0.7634160            7.4684619            0.7979734
 51544.0      4560.0000000000            4840.602287            1467.993715           -4827.146737           -1.1035217            7.3814784            1.1381276
 51544.0      4620.0000000000            4764.299090            1907.498635           -4748.769679           -1.4390356            7.2635676            1.4735318
 51544.0      4680.0000000000            4668.037865            2339.012908           -4650.446000           -1.7685578            7.1152150            1.8027829
 51544.0      4740.0000000000            4552.219526            2760.727750           -4532.586383           -2.0907123            6.9370322            2.1245023
 51544.0      4800.0000000000            4417.326701            3170.874803           -4395.683358           -2.4041523            6.7297549            2.4373412
 51544.0      4860.0000000000            4263.921801            3567.733506           -4240.309332           -2.7075660            6.4942400            2.7399868
 51544.0      4920.0000000000            4092.644770            3949.638283           -4067.114284           -2.9996817            6.2314629            3.0311670
 51544.0      4980.0000000000            3904.210512            4314.985528           -3876.823142           -3.2792733            5.9425133            3.3096565
 51544.0      5040.0000000000            3699.405995            4662.240367           -3670.232839           -3.5451656            5.6285917            3.5742813
 51544.0      5100.0000000000            3479.087054            4989.943149           -3448.209066           -3.7962391            5.2910044            3.8239242
 51544.0      5160.0000000000            3244.174895            5296.715656           -3211.682723           -4.0314351            4.9311585            4.0575297
 51544.0      5220.0000000000            2995.652314            5581.266993           -2961.646084           -4.2497600            4.5505567            4.2741083
 51544.0      5280.0000000000            2734.559640            5842.399123           -2699.148690           -4.4502903            4.1507907            4.4727412
 51544.0      5340.0000000000            2461.990419            6079.012036           -2425.292982           -4.6321763            3.7335352            4.6525845
 51544.0      5400.0000000000            2179.086858            6290.108515           -2141.229695           -4.7946463            3.3005406            4.8128731
 51544.0      5460.0000000000            1887.035047            6474.798473           -1848.153027           -4.9370099            2.8536263            4.9529238
 51544.0      5520.0000000000            1587.059966            6632.302836           -1547.295602           -5.0586616            2.3946721            5.0721393
 51544.0      5580.0000000000            1280.420321            6761.956961           -1239.923256           -5.1590831            1.9256111            5.1700105
 51544.0      5640.0000000000             968.403215            6863.213556            -927.329663           -5.2378466            1.4484206            5.2461188
 51544.0      5700.0000000000             652.318679            6935.645093            -610.830827           -5.2946159            0.9651139            5.3001388
 51544.0      5760.0000000000             333.494102            6978.945695            -291.759464           -5.3291488            0.4777313            5.3318391
 51544.0      5820.0000000000              13.268563            6992.932489              28.540694           -5.3412979           -0.0116689            5.3410840
 51544.0      5880.0000000000            -307.012876            6977.546419             348.720648           -5.3310115           -0.5010194            5.3278338
 51544.0      5940.0000000000            -626.004920            6932.852502             667.431914           -5.2983335           -0.9882531            5.2921452
 51544.0      6000.0000000000            -942.367789            6859.039543             983.332294           -5.2434035           -1.4713125            5.2341710
 51544.0      6060.0000000000           -1254.772934            6756.419297            1295.091621           -5.1664563           -1.9481582            5.1541593
 51544.0      6120.0000000000           -1561.908699            6625.425090            1601.397444           -5.0678200           -2.4167786            5.0524523
 51544.0      6180.0000000000           -1862.485910            6466.609902            1900.960630           -4.9479154           -2.8751985            4.9294848
 51544.0      6240.0000000000           -2155.243341            6280.643930            2192.520845           -4.8072532           -3.3214872            4.7857816
 51544.0      6300.0000000000           -2438.953057            6068.311644            2474.851911           -4.6464319           -3.7537676            4.6219558
 51544.0      6360.0000000000           -2712.425596            5830.508346            2746.766984           -4.4661348           -4.1702238            4.4387051
 51544.0      6420.0000000000           -2974.514964            5568.236265            3007.123563           -4.2671270           -4.5691087            4.2368091
 51544.0      6480.0000000000           -3224.123434            5282.600196            3254.828277           -4.0502517           -4.9487517            4.0171255
 51544.0      6540.0000000000           -3460.206122            4974.802717            3488.841454           -3.8164264           -5.3075651            3.7805858
 51544.0      6600.0000000000           -3681.775316            4646.139004            3708.181447           -3.5666388           -5.6440509            3.5281918
 51544.0      6660.0000000000           -3887.904554            4297.991277            3911.928689           -3.3019420           -5.9568067            3.2610105
 51544.0      6720.0000000000           -4077.732430            3931.822892            4099.229483           -3.0234506           -6.2445313            2.9801697
 51544.0      6780.0000000000           -4250.466110            3549.172124            4269.299494           -2.7323350           -6.5060294            2.6868528
 51544.0      6840.0000000000           -4405.384555            3151.645659            4421.426948           -2.4298171           -6.7402166            2.3822941
 51544.0      6900.0000000000           -4541.841444            2740.911825            4554.975518           -2.1171646           -6.9461232            2.0677734
 51544.0      6960.0000000000           -4659.267767            2318.693593            4669.386890           -1.7956861           -7.1228980            1.7446105
 51544.0      7020.0000000000           -4757.174116            1886.761386            4764.183007           -1.4667254           -7.2698110            1.4141599
 51544.0      7080.0000000000           -4835.152633            1446.925699            4838.967983           -1.1316562           -7.3862568            1.0778052
 51544.0      7140.0000000000           -4892.878635            1001.029593            4893.429679           -0.7918763           -7.4717557            0.7369534
 51544.0      7200.0000000000           -4930.111902             550.941062            4927.340943           -0.4488024           -7.5259564            0.3930295
 51544.0      7260.0000000000           -4946.697623              98.545320            4940.560507           -0.1038639           -7.5486365            0.0474703
 51544.0      7320.0000000000           -4942.567011            -354.262975            4933.033543            0.2415023           -7.5397037           -0.2982807
 51544.0      7380.0000000000           -4917.737565            -805.587532            4904.791872            0.5858577           -7.4991957           -0.6427795
 51544.0      7440.0000000000           -4872.312998           -1253.538235            4855.953834            0.9277679           -7.4272807           -0.9845872
 51544.0      7500.0000000000           -4806.482827           -1696.238933            4786.723808            1.2658082           -7.3242559           -1.3222756
 51544.0      7560.0000000000           -4720.521609           -2131.835183            4697.391395            1.5985695           -7.1905473           -1.6544332
 51544.0      7620.0000000000           -4614.787851           -2558.501907            4588.330255            1.9246635           -7.0267077           -1.9796704
 51544.0      7680.0000000000           -4489.722579           -2974.450955            4459.996612            2.2427289           -6.8334147           -2.2966256
 51544.0      7740.0000000000           -4345.847571           -3377.938523            4312.927415            2.5514362           -6.6114685           -2.6039705
 51544.0      7800.0000000000           -4183.763264           -3767.272422            4147.738181            2.8494937           -6.3617887           -2.9004154
 51544.0      7860.0000000000           -4004.146334           -4140.819143            3965.120502            3.1356526           -6.0854113           -3.1847151
 51544.0      7920.0000000000           -3807.746964           -4497.010716            3765.839239            3.4087126           -5.7834843           -3.4556733
 51544.0      7980.0000000000           -3595.385793           -4834.351317            3550.729407            3.6675262           -5.4572636           -3.7121486
 51544.0      8040.0000000000           -3367.950572           -5151.423593            3320.692756            3.9110045           -5.1081083           -3.9530587
 51544.0      8100.0000000000           -3126.392527           -5446.894688            3076.694065            4.1381215           -4.7374749           -4.1773858
 51544.0      8160.0000000000           -2871.722441           -5719.521939            2819.757156            4.3479186           -4.3469122           -4.3841804
 51544.0      8220.0000000000           -2605.006475           -5968.158198            2550.960648            4.5395092           -3.9380544           -4.5725660
 51544.0      8280.0000000000           -2327.361737           -6191.756776            2271.433460            4.7120824           -3.5126146           -4.7417431
 51544.0      8340.0000000000           -2039.951622           -6389.375974            1982.350085            4.8649067           -3.0723781           -4.8909926
 51544.0      8400.0000000000           -1743.980936           -6560.183167            1684.925659            4.9973337           -2.6191943           -5.0196794
 51544.0      8460.0000000000           -1440.690830           -6703.458435            1380.410829            5.1088009           -2.1549692           -5.1272554
 51544.0      8520.0000000000           -1131.353561           -6818.597711            1070.086467            5.1988343           -1.6816572           -5.2132617
 51544.0      8580.0000000000            -817.267107           -6905.115427             755.258226            5.2670509           -1.2012525           -5.2773312
 51544.0      8640.0000000000            -499.749661           -6962.646650             437.250989            5.3131602           -0.7157805           -5.3191904
 51544.0      8700.0000000000            -180.134021           -6990.948687             117.403222            5.3369658           -0.2272890           -5.3386604
 51544.0      8760.0000000000             140.238075           -6989.902155            -202.938745            5.3383665            0.2621610           -5.3356579
 51544.0      8820.0000000000             460.021677           -6959.511506            -522.426464            5.3173563            0.7505042           -5.3101956
 51544.0      8880.0000000000             777.874348           -6899.905008            -839.715136            5.2740250            1.2356801           -5.2623824
 51544.0      8940.0000000000            1092.461887           -6811.334176           -1153.469355            5.2085573            1.7156425           -5.1924224
 51544.0      9000.0000000000            1402.464010           -6694.172665           -1462.368805            5.1212321            2.1883679           -5.1006144
 51544.0      9060.0000000000            1706.579961           -6548.914623           -1765.113889            5.0124212            2.6518648           -4.9873499
 51544.0      9120.0000000000            2003.534031           -6376.172515           -2060.431258            4.8825873            3.1041821           -4.8531118
 51544.0      9180.0000000000            2292.080955           -6176.674445           -2347.079208            4.7322822            3.5434177           -4.6984718
 51544.0      9240.0000000000            2571.011171           -5951.260966           -2623.852937            4.5621437            3.9677267           -4.5240877
 51544.0      9300.0000000000            2839.155899           -5700.881420           -2889.589621            4.3728929            4.3753291           -4.3307005
 51544.0      9360.0000000000            3095.392043           -5426.589817           -3143.173297            4.1653309            4.7645171           -4.1191307
 51544.0      9420.0000000000            3338.646874           -5129.540279           -3383.539529            3.9403348            5.1336625           -3.8902746
 51544.0      9480.0000000000            3567.902487           -4810.982067           -3609.679844            3.6988543            5.4812234           -3.6451006
 51544.0      9540.0000000000            3782.200010           -4472.254228           -3820.645908            3.4419068            5.8057498           -3.3846442
 51544.0      9600.0000000000            3980.643550           -4114.779883           -4015.553441            3.1705735            6.1058901           -3.1100043
 51544.0      9660.0000000000            4162.403867           -3740.060175           -4193.585850            2.8859940            6.3803960           -2.8223375
 51544.0      9720.0000000000            4326.721756           -3349.667928           -4353.997563            2.5893623            6.6281273           -2.5228536
 51544.0      9780.0000000000            4472.911128           -2945.241017           -4496.117071            2.2819210            6.8480564           -2.2128106
 51544.0      9840.0000000000            4600.361789           -2528.475504           -4619.349645            1.9649564            7.0392721           -1.8935092
 51544.0      9900.0000000000            4708.541901           -2101.118551           -4723.179737            1.6397931            7.2009827           -1.5662871
 51544.0      9960.0000000000            4797.000114           -1664.961144           -4807.173062            1.3077885            7.3325194           -1.2325142
 51544.0     10020.0000000000            4865.367379           -1221.830666           -4870.978335            0.9703276            7.4333383           -0.8935866
 51544.0     10080.0000000000            4913.358425            -773.583326           -4914.328680            0.6288172            7.5030226           -0.5509209
 51544.0     10140.0000000000            4940.772899            -322.096497           -4937.042702            0.2846801            7.5412840           -0.2059487
 51544.0     10200.0000000000            4947.496167             130.739035           -4939.025206           -0.0606502            7.5479637            0.1398891
 51544.0     10260.0000000000            4933.499780             583.026856           -4920.267589           -0.4057353            7.5230330            0.4851480
 51544.0     10320.0000000000            4898.841593            1032.872739           -4880.847873           -0.7491377            7.4665936            0.8283859
 51544.0     10380.0000000000            4843.665542            1478.392454           -4820.930402           -1.0894264            7.3788768            1.1681684
 51544.0     10440.0000000000            4768.201087            1917.719538           -4740.765194           -1.4251827            7.2602433            1.5030751
 51544.0     10500.0000000000            4672.762303            2349.013007           -4640.686951           -1.7550056            7.1111816            1.8317046
 51544.0     10560.0000000000            4557.746644            2770.464980           -4521.113725           -2.0775179            6.9323063            2.1526809
 51544.0     10620.0000000000            4423.633358            3180.308185           -4382.545251           -2.3913712            6.7243560            2.4646581
 51544.0     10680.0000000000            4270.981582            3576.823317           -4225.560944           -2.6952518            6.4881905            2.7663270
 51544.0     10740.0000000000            4100.428097            3958.346227           -4050.817567           -2.9878862            6.2247879            3.0564196
 51544.0     10800.0000000000            3912.684768            4323.274905           -3859.046577           -3.2680460            5.9352408            3.3337148
 51544.0     10860.0000000000            3708.535664            4670.076228           -3651.051157           -3.5345535            5.6207523            3.5970437
 51544.0     10920.0000000000            3488.833871            4997.292457           -3427.702934           -3.7862868            5.2826310            3.8452946
 51544.0     10980.0000000000            3254.498007            5303.547428           -3189.938409           -4.0221843            4.9222867            4.0774175
 51544.0     11040.0000000000            3006.508448            5587.552437           -2938.755098           -4.2412496            4.5412241            4.2924294
 51544.0     11100.0000000000            2745.903284            5848.111770           -2675.207398           -4.4425560            4.1410369            4.4894180
 51544.0     11160.0000000000            2473.774013            6084.127860           -2400.402200           -4.6252507            3.7234019            4.6675463
 51544.0     11220.0000000000            2191.260990            6294.606037           -2115.494262           -4.7885586            3.2900712            4.8260564
 51544.0     11280.0000000000            1899.548653            6478.658860           -1821.681360           -4.9317858            2.8428655            4.9642729
 51544.0     11340.0000000000            1599.860546            6635.509986           -1520.199234           -5.0543233            2.3836661            5.0816062
 51544.0     11400.0000000000            1293.454154            6764.497572           -1212.316363           -5.1556491            1.9144071            5.1775551
 51544.0     11460.0000000000             981.615577            6865.077186            -899.328574           -5.2353317            1.4370667            5.2517095
 51544.0     11520.0000000000             665.654074            6936.824202            -582.553526           -5.2930312            0.9536587            5.3037520
 51544.0     11580.0000000000             346.896485            6979.435677            -263.325088           -5.3285014            0.4662238            5.3334599
 51544.0     11640.0000000000              26.681578            6992.731688              57.012365           -5.3415911           -0.0231794            5.3407060
 51544.0     11700.0000000000            -293.645665            6976.656131             377.109706           -5.3322447           -0.5124837            5.3254590
 51544.0     11760.0000000000            -612.739796            6931.276961             695.618831           -5.3005021           -0.9996225            5.2877843
 51544.0     11820.0000000000            -929.260644            6856.785899            1011.198433           -5.2464991           -1.4825386            5.2278431
 51544.0     11880.0000000000           -1241.879035            6753.497574            1322.519740           -5.1704665           -1.9591935            5.1458918
 51544.0     11940.0000000000           -1549.282460            6621.848134            1628.272192           -5.0727287           -2.4275767            5.0422808
 51544.0     12000.0000000000           -1850.180657            6462.393318            1927.169037           -4.9537026           -2.8857139            4.9174529
 51544.0     12060.0000000000           -2143.311087            6275.806005            2217.952797           -4.8138951           -3.3316760            4.7719409
 51544.0     12120.0000000000           -2427.444284            6062.873259            2499.400610           -4.6539011           -3.7635873            4.6063652
 51544.0     12180.0000000000           -2701.389033            5824.492879            2770.329400           -4.4744004           -4.1796336            4.4214311
 51544.0     12240.0000000000           -2963.997381            5561.669484            3029.600856           -4.2761547           -4.5780698            4.2179251
 51544.0     12300.0000000000           -3214.169442            5275.510140            3276.126211           -4.0600038           -4.9572271            3.9967114
 51544.0     12360.0000000000           -3450.857976            4967.219576            3508.870789           -3.8268621           -5.3155202            3.7587281
 51544.0     12420.0000000000           -3673.072732            4638.094983            3726.858300           -3.5777143           -5.6514532            3.5049827
 51544.0     12480.0000000000           -3879.884540            4289.520458            3929.174883           -3.3136108           -5.9636262            3.2365478
 51544.0     12540.0000000000           -4070.429119            3922.961091            4114.972863           -3.0356635           -6.2507402            2.9545562
 51544.0     12600.0000000000           -4243.910614            3539.956741            4283.474223           -2.7450405           -6.5116026            2.6601962
 51544.0     12660.0000000000           -4399.604830            3142.115521            4433.973775           -2.4429615           -6.7451317            2.3547062
 51544.0     12720.0000000000           -4536.862164            2731.107029            4565.842015           -2.1306923           -6.9503603            2.0393698
 51544.0     12780.0000000000           -4655.110220            2308.655343            4678.527667           -1.8095399           -7.1264400            1.7155102
 51544.0     12840.0000000000           -4753.856110            1876.531825            4771.559896           -1.4808465           -7.2726438            1.3844845
 51544.0     12900.0000000000           -4832.688419            1436.547743            4844.550193           -1.1459848           -7.3883688            1.0476788
 51544.0     12960.0000000000           -4891.278846             990.546756            4897.193921           -0.8063517           -7.4731385            0.7065020
 51544.0     13020.0000000000           -4929.383508             540.397285            4929.271524           -0.4633632           -7.5266043            0.3623802
 51544.0     13080.0000000000           -4946.843906              87.984794            4940.649397           -0.1184486           -7.5485468            0.0167513
 51544.0     13140.0000000000           -4943.587546            -364.795986            4931.280409            0.2269555           -7.5388765           -0.3289410
 51544.0     13200.0000000000           -4919.628232            -816.048868            4901.204084            0.5714103           -7.4976345           -0.6732530
 51544.0     13260.0000000000           -4875.066000           -1263.884018            4850.546435            0.9134809           -7.4249915           -1.0147462
 51544.0     13320.0000000000           -4810.086724           -1706.425748            4779.519460            1.2517420           -7.3212480           -1.3519939
 51544.0     13380.0000000000           -4724.961374           -2141.820255            4688.420286            1.5847832           -7.1868328           -1.6835862
 51544.0     13440.0000000000           -4620.044936           -2568.243279            4577.629985            1.9112153           -7.0223016           -2.0081358
 51544.0     13500.0000000000           -4495.774999           -2983.907662            4447.612039            2.2296752           -6.8283351           -2.3242839
 51544.0     13560.0000000000           -4352.669999           -3387.070769            4298.910478            2.5388319           -6.6057363           -2.6307053
 51544.0     13620.0000000000           -4191.327142           -3776.041746            4132.147687            2.8373916           -6.3554277           -2.9261141
 51544.0     13680.0000000000           -4012.419997           -4149.188589            3948.021888            3.1241035           -6.0784478           -3.2092693
 51544.0     13740.0000000000           -3816.695775           -4504.944995            3747.304304            3.3977646           -5.7759473           -3.4789795
 51544.0     13800.0000000000           -3604.972292           -4841.816960            3530.836016            3.6572253           -5.4491849           -3.7341082
 51544.0     13860.0000000000           -3378.134632           -5158.389102            3299.524517            3.9013936           -5.0995218           -3.9735790
 51544.0     13920.0000000000           -3137.131523           -5453.330681            3054.339982            4.1292409           -4.7284171           -4.1963798
 51544.0     13980.0000000000           -2882.971429           -5725.401278            2796.311254            4.3398054           -4.3374215           -4.4015676
 51544.0     14040.0000000000           -2616.718377           -5973.456115            2526.521579            4.5321973           -3.9281713           -4.5882727
 51544.0     14100.0000000000           -2339.487538           -6196.450989            2246.104086            4.7056025           -3.5023814           -4.7557027
 51544.0     14160.0000000000           -2052.440570           -6393.446786            1956.237044            4.8592860           -3.0618387           -4.9031460
 51544.0     14220.0000000000           -1756.780751           -6563.613556            1658.138906            4.9925959           -2.6083940           -5.0299752
 51544.0     14280.0000000000           -1453.747918           -6706.234134            1353.063173            5.1049660           -2.1439544           -5.1356499
 51544.0     14340.0000000000           -1144.613234           -6820.707267            1042.293084            5.1959188           -1.6704753           -5.2197195
 51544.0     14400.0000000000            -830.673807           -6906.550257             727.136171            5.2650673           -1.1899516           -5.2818253
 51544.0     14460.0000000000            -513.247186           -6963.401074             408.918691            5.3121174           -0.7044093           -5.3217021
 51544.0     14520.0000000000            -193.665758           -6991.019948              88.979976            5.3368687           -0.2158962           -5.3391793
 51544.0     14580.0000000000             126.728922           -6989.290428            -231.333284            5.3392162            0.2735264           -5.3341825
 51544.0     14640.0000000000             446.591846           -6958.219893            -550.672797            5.3191499            0.7617936           -5.3067327
 51544.0     14700.0000000000             764.580291           -6897.939513            -867.694430            5.2767558            1.2468455           -5.2569473
 51544.0     14760.0000000000            1079.359533           -6808.703673           -1181.063946            5.2122145            1.7266363           -5.1850388
 51544.0     14820.0000000000            1389.608531           -6690.888848           -1489.462702            5.1258013            2.1991436           -5.0913142
 51544.0     14880.0000000000            1694.025542           -6544.991942           -1791.593264            5.0178839            2.6623770           -4.9761733
 51544.0     14940.0000000000            1991.333639           -6371.628109           -2086.184924            4.8889215            3.1143868           -4.8401067
 51544.0     15000.0000000000            2280.286120           -6171.528052           -2371.999089            4.7394619            3.5532723           -4.6836939
 51544.0     15060.0000000000            2559.671759           -5945.534830           -2647.834520            4.5701395            3.9771903           -4.5076001
 51544.0     15120.0000000000            2828.319905           -5694.600186           -2912.532390            4.3816719            4.3843625           -4.3125733
 51544.0     15180.0000000000            3085.105381           -5419.780415           -3164.981150            4.1748566            4.7730833           -4.0994408
 51544.0     15240.0000000000            3328.953177           -5122.231802           -3404.121176            3.9505677            5.1417265           -3.8691054
 51544.0     15300.0000000000            3558.842918           -4803.205643           -3628.949182            3.7097517            5.4887523           -3.6225415
 51544.0     15360.0000000000            3773.813081           -4464.042883           -3838.522370            3.4534230            5.8127133           -3.3607904
 51544.0     15420.0000000000            3972.964956           -4106.168397           -4031.962330            3.1826601            6.1122601           -3.0849561
 51544.0     15480.0000000000            4155.466325           -3731.084939           -4208.458634            2.8986004            6.3861470           -2.7962001
 51544.0     15540.0000000000            4320.554860           -3340.366788           -4367.272162            2.6024352            6.6332362           -2.4957367
 51544.0     15600.0000000000            4467.541221           -2935.653121           -4507.738098            2.2954052            6.8525029           -2.1848277
 51544.0     15660.0000000000            4595.811845           -2518.641142           -4629.268633            1.9787948            7.0430384           -1.8647773
 51544.0     15720.0000000000            4704.831422           -2091.078993           -4731.355338            1.6539270            7.2040539           -1.5369263
 51544.0     15780.0000000000            4794.145046           -1654.758478           -4813.571208            1.3221582            7.3348833           -1.2026471
 51544.0     15840.0000000000            4863.380041           -1211.507627           -4875.572377            0.9848720            7.4349855           -0.8633378
 51544.0     15900.0000000000            4912.247454            -763.183132           -4917.099497            0.6434747            7.5039464           -0.5204166
 51544.0     15960.0000000000            4940.543216            -311.662674           -4937.978779            0.2993885            7.5414808           -0.1753162
 51544.0     16020.0000000000            4948.148955             141.162820           -4938.122685           -0.0459533            7.5474325            0.1705219
 51544.0     16080.0000000000            4935.032482             593.396970           -4917.530284           -0.3911121            7.5217759            0.5156533
 51544.0     16140.0000000000            4901.247923            1043.145759           -4876.287259           -0.7346501            7.4646153            0.8586363
 51544.0     16200.0000000000            4846.935521            1488.525336           -4814.565575           -1.0751358            7.3761853            1.1980374
 51544.0     16260.0000000000            4772.321083            1927.669794           -4732.622797           -1.4111493            7.2568493            1.5324377
 51544.0     16320.0000000000            4677.715098            2358.738878           -4630.801069           -1.7412888            7.1070987            1.8604379
 51544.0     16380.0000000000            4563.511509            2779.925609           -4509.525753           -2.0641753            6.9275509            2.1806641
 51544.0     16440.0000000000            4430.186148            3189.463785           -4369.303730           -2.3784589            6.7189473            2.4917739
 51544.0     16500.0000000000            4278.294840            3585.635345           -4210.721368           -2.6828240            6.4821507            2.7924611
 51544.0     16560.0000000000            4108.471178            3966.777545           -4034.442157           -2.9759950            6.2181418            3.0814619
 51544.0     16620.0000000000            3921.423969            4331.289943           -3841.204033           -3.2567412            5.9280158            3.3575597
 51544.0     16680.0000000000            3717.934372            4677.641145           -3631.816373           -3.5238824            5.6129784            3.6195904
 51544.0     16740.0000000000            3498.852717            5004.375286           -3407.156694           -3.7762939            5.2743409            3.8664477
 51544.0     16800.0000000000            3265.095034            5310.118225           -3168.167051           -4.0129112            4.9135151            4.0970873
 51544.0     16860.0000000000            3017.639290            5593.583419           -2915.850153           -4.2327350            4.5320081            4.3105324
 51544.0     16920.0000000000            2757.521349            5853.577440           -2651.265210           -4.4348355            4.1314158            4.5058774
 51544.0     16980.0000000000            2485.830677            6089.005127           -2375.523519           -4.6183564            3.7134166            4.6822922
 51544.0     17040.0000000000            2203.705798            6298.874326           -2089.783819           -4.7825193            3.2797645            4.8390261
 51544.0     17100.0000000000            1912.329530            6482.300206           -1795.247420           -4.9266268            2.8322816            4.9754113
 51544.0     17160.0000000000            1612.924007            6638.509119           -1493.153137           -5.0500661            2.3728506            5.0908659
 51544.0     17220.0000000000            1306.745523            6766.841990           -1184.772047           -5.1523120            1.9034066            5.1848969
 51544.0     17280.0000000000             995.079215            6866.757210            -871.402086           -5.2329287            1.4259287            5.2571023
 51544.0     17340.0000000000             679.233600            6937.833021            -554.362526           -5.2915727            0.9424312            5.3071732
 51544.0     17400.0000000000             360.535011            6979.769377            -234.988341           -5.3279940            0.4549554            5.3348953
 51544.0     17460.0000000000              40.321938            6992.389265              85.375496           -5.3420375           -0.0344403            5.3401499
 51544.0     17520.0000000000            -280.060679            6975.639491             405.379775           -5.3336436           -0.5236886            5.3229143
 51544.0     17580.0000000000            -599.267201            6929.590908             723.676819           -5.3028483           -1.0107234            5.2832624
 51544.0     17640.0000000000            -915.957029            6854.438102            1038.926261           -5.2497837           -1.4934880            5.2213637
 51544.0     17700.0000000000           -1228.800327            6750.498524            1349.800768           -5.1746764           -1.9699449            5.1374832
 51544.0     17760.0000000000           -1536.483693            6618.211090            1654.991722           -5.0778471           -2.4380844            5.0319795
 51544.0     17820.0000000000           -1837.715739            6458.134236            1953.214792           -4.9597088           -2.8959336            4.9053031
 51544.0     17880.0000000000           -2131.232577            6270.943458            2243.215401           -4.8207648           -3.3415648            4.7579949
 51544.0     17940.0000000000           -2415.803166            6057.428343            2523.774044           -4.6616062           -3.7731040            4.5906827
 51544.0     18000.0000000000           -2690.234500            5818.489112            2793.711446           -4.4829093           -4.1887388            4.4040791
 51544.0     18060.0000000000           -2953.376625            5555.132692            3051.893524           -4.2854322           -4.5867259            4.1989774
 51544.0     18120.0000000000           -3204.127447            5268.468340            3297.236144           -4.0700116           -4.9653988            3.9762485
 51544.0     18180.0000000000           -3441.437326            4959.702843            3528.709643           -3.8375586           -5.3231742            3.7368367
 51544.0     18240.0000000000           -3664.313423            4630.135320            3745.343111           -3.5890548           -5.6585586            3.4817553
 51544.0     18300.0000000000           -3871.823802            4281.151652            3946.228402           -3.3255479           -5.9701544            3.2120822
 51544.0     18360.0000000000           -4063.101256            3914.218569            4130.523868           -3.0481470           -6.2566651            2.9289555
 51544.0     18420.0000000000           -4237.346848            3530.877418            4297.457809           -2.7580180           -6.5169007            2.6335678
 51544.0     18480.0000000000           -4393.833164            3132.737650            4446.331611           -2.4563781           -6.7497819            2.3271618
 51544.0     18540.0000000000           -4531.907253            2721.470042            4576.522580           -2.1444913           -6.9543444            2.0110247
 51544.0     18600.0000000000           -4650.993267            2298.799691            4687.486454           -1.8236629           -7.1297424            1.6864827
 51544.0     18660.0000000000           -4750.594765            1866.498817            4778.759591           -1.4952337           -7.2752514            1.3548960
 51544.0     18720.0000000000           -4830.296702            1426.379384            4849.960821           -1.1605750           -7.3902715            1.0176525
 51544.0     18780.0000000000           -4889.767089             980.285581            4900.792966           -0.8210831           -7.4743287            0.6761632
 51544.0     18840.0000000000           -4928.758302             530.086192            4931.044023           -0.4781731           -7.5270774            0.3318553
 51544.0     18900.0000000000           -4947.108079              77.666879            4940.587996           -0.1332741           -7.5483010           -0.0138325
 51544.0     18960.0000000000           -4944.740150            -375.077600            4929.385398            0.2121772           -7.5379127           -0.3594563
 51544.0     19020.0000000000           -4921.664547            -826.251198            4897.483394            0.5567420           -7.4959564           -0.7035725
 51544.0     19080.0000000000           -4877.977560           -1273.964389            4845.015613            0.8989847           -7.4226056           -1.0447435
 51544.0     19140.0000000000           -4813.861356           -1716.341966            4772.201607            1.2374792           -7.3181638           -1.3815436
 51544.0     19200.0000000000           -4729.583256           -2151.530771            4679.345971            1.5708142           -7.1830625           -1.7125648
 51544.0     19260.0000000000           -4625.494670           -2577.707361            4566.837124            1.8975990           -7.0178602           -2.0364221
 51544.0     19320.0000000000           -4502.029695           -2993.085562            4435.145746            2.2164689           -6.8232404           -2.3517592
 51544.0     19380.0000000000           -4359.703383           -3395.923887            4284.822888            2.5260910           -6.6000087           -2.6572543
 51544.0     19440.0000000000           -4199.109671           -3784.532795            4116.497746            2.8251697           -6.3490904           -2.9516252
 51544.0     19500.0000000000           -4020.918991           -4157.281755            3930.875118            3.1124516           -6.0715268           -3.2336350
 51544.0     19560.0000000000           -3825.875557           -4512.606092            3728.732539            3.3867315           -5.7684710           -3.5020970
 51544.0     19620.0000000000           -3614.794346           -4849.013584            3510.917105            3.6468568           -5.4411841           -3.7558798
 51544.0     19680.0000000000           -3388.557768           -5165.090776            3278.342011            3.8917330           -5.0910299           -3.9939124
 51544.0     19740.0000000000           -3148.112053           -5459.508994            3031.982782            4.1203282           -4.7194697           -4.2151889
 51544.0     19800.0000000000           -2894.463351           -5731.030017            2772.873248            4.3316776           -4.3280562           -4.4187725
 51544.0     19860.0000000000           -2628.673570           -5978.511390            2502.101245            4.5248881           -3.9184278           -4.6038004
 51544.0     19920.0000000000           -2351.855960           -6200.911344            2220.804080            4.6991421           -3.4923013           -4.7694870
 51544.0     19980.0000000000           -2065.170469           -6397.293302            1930.163765            4.8537012           -3.0514649           -4.9151283
 51544.0     20040.0000000000           -1769.818877           -6566.829943            1631.402049            4.9879099           -2.5977710           -5.0401043
 51544.0     20100.0000000000           -1467.039740           -6708.806808            1325.775255            5.1011984           -2.1331280           -5.1438829
 51544.0     20160.0000000000           -1158.103166           -6822.625420            1014.568967            5.1930851           -1.6594921           -5.2260213
 51544.0     20220.0000000000            -844.305431           -6907.805902             699.092569            5.2631796           -1.1788591           -5.2861692
 51544.0     20280.0000000000            -526.963484           -6963.989087             380.673670            5.3111837           -0.6932554           -5.3240698
 51544.0     20340.0000000000            -207.409344           -6990.938091              60.652447            5.3368932           -0.2047292           -5.3395610
 51544.0     20400.0000000000             113.015568           -6988.539356            -259.624079            5.3401992            0.2846585           -5.3325768
 51544.0     20460.0000000000             432.966148           -6956.803144            -578.807794            5.3210878            0.7728427           -5.3031470
 51544.0     20520.0000000000             751.099337           -6895.863493            -895.555255            5.2796411            1.2577642           -5.2513972
 51544.0     20580.0000000000            1066.079844           -6805.977614           -1208.533423            5.2160358            1.7373778           -5.1775486
 51544.0     20640.0000000000            1376.585828           -6687.524763           -1516.425350            5.1305433            2.2096621           -5.0819162
 51544.0     20700.0000000000            1681.314515           -6541.004561           -1817.935792            5.0235276            2.6726278           -4.9649080
 51544.0     20760.0000000000            1978.987722           -6367.034800           -2111.796710            4.8954440            3.1243265           -4.8270226
 51544.0     20820.0000000000            2268.357263           -6166.348737           -2396.772646            4.7468367            3.5628593           -4.6688470
 51544.0     20880.0000000000            2548.210213           -5939.791884           -2671.665949            4.5783365            3.9863844           -4.4910539
 51544.0     20940.0000000000            2817.374005           -5688.318330           -2935.321812            4.3906573            4.3931258           -4.2943983
 51544.0     21000.0000000000            3074.721343           -5412.986597           -3186.633123            4.1845935            4.7813795           -4.0797142
 51544.0     21060.0000000000            3319.174896           -5114.955073           -3424.545090            3.9610158            5.1495218           -3.8479110
 51544.0     21120.0000000000            3549.711779           -4795.477019           -3648.059627            3.7208675            5.4960151           -3.5999690
 51544.0     21180.0000000000            3765.367777           -4455.895212           -3856.239489            3.4651604            5.8194142           -3.3369350
 51544.0     21240.0000000000            3965.241316           -4097.636209           -4048.212137            3.1949699            6.1183722           -3.0599183
 51544.0     21300.0000000000            4148.497157           -3722.204300           -4223.173321            2.9114309            6.3916460           -2.7700851
 51544.0     21360.0000000000            4314.369805           -3331.175146           -4380.390363            2.6157326            6.6381005           -2.4686541
 51544.0     21420.0000000000            4462.166618           -2926.189151           -4519.205139            2.3091133            6.8567133           -2.1568909
 51544.0     21480.0000000000            4591.270614           -2508.944586           -4639.036749            1.9928558            7.0465784           -1.8361030
 51544.0     21540.0000000000            4701.142957           -2081.190501           -4739.383859            1.6682814            7.2069097           -1.5076343
 51544.0     21600.0000000000            4791.325130           -1644.719446           -4819.826723            1.3367451            7.3370439           -1.1728595
 51544.0     21660.0000000000            4861.440772           -1201.360034           -4880.028867            0.9996296            7.4364424           -0.8331787
 51544.0     21720.0000000000            4911.197194            -752.969374           -4919.738435            0.6583402            7.5046942           -0.4900116
 51544.0     21780.0000000000            4940.386546            -301.425403           -4938.789206            0.3142987            7.5415165           -0.1447919
 51544.0     21840.0000000000            4948.886661             151.380864           -4937.101253           -0.0310616            7.5467561            0.2010384
 51544.0     21900.0000000000            4936.661548             603.553122           -4914.681272           -0.3763023            7.5203899            0.5460350
 51544.0     21960.0000000000            4903.761549            1053.197597           -4871.622557           -0.7199851            7.4625253            0.8887566
 51544.0     22020.0000000000            4850.323150            1498.430844           -4808.104640           -1.0606777            7.3733993            1.2277708
 51544.0     22080.0000000000            4776.568454            1937.387531           -4724.392579           -1.3969595            7.2533783            1.5616600
 51544.0     22140.0000000000            4682.804309            2368.228138           -4620.835906           -1.7274272            7.1029563            1.8890269
 51544.0     22200.0000000000            4569.421100            2789.146588           -4497.867239           -2.0507005            6.9227535            2.2085004
 51544.0     22260.0000000000            4436.891199            3198.377743           -4356.000549           -2.3654277            6.7135140            2.5187406
 51544.0     22320.0000000000            4285.767081            3594.204766           -4195.829105           -2.6702912            6.4761032            2.8184452
 51544.0     22380.0000000000            4116.679117            3974.966296           -4018.023076           -2.9640131            6.2115045            3.1063539
 51544.0     22440.0000000000            3930.333032            4339.063429           -3823.326825           -3.2453604            5.9208156            3.3812548
 51544.0     22500.0000000000            3727.507053            4684.966460           -3612.555884           -3.5131502            5.6052447            3.6419885
 51544.0     22560.0000000000            3509.048745            5011.221361           -3386.593615           -3.7662550            5.2661054            3.8874539
 51544.0     22620.0000000000            3275.871546            5316.455967           -3146.387593           -4.0036073            4.9048120            4.1166127
 51544.0     22680.0000000000            3028.951013            5599.385846           -2892.945690           -4.2242047            4.5228736            4.3284940
 51544.0     22740.0000000000            2769.320795            5858.819808           -2627.331898           -4.4271139            4.1218882            4.5221987
 51544.0     22800.0000000000            2498.068346            6093.665049           -2350.661897           -4.6114755            3.7035361            4.6969036
 51544.0     22860.0000000000            2216.330381            6302.931878           -2064.098386           -4.7765074            3.2695730            4.8518653
 51544.0     22920.0000000000            1925.288127            6485.738026           -1768.846192           -4.9215087            2.8218226            4.9864234
 51544.0     22980.0000000000            1626.162343            6641.312494           -1466.147193           -5.0458628            2.3621689            5.1000038
 51544.0     23040.0000000000            1320.208175            6768.998927           -1157.275050           -5.1490407            1.8925481            5.1921215
 51544.0     23100.0000000000            1008.709835            6868.258499            -843.529803           -5.2306029            1.4149401            5.2623827
 51544.0     23160.0000000000             692.975150            6938.672281            -526.232327           -5.2902021            0.9313601            5.3104869
 51544.0     23220.0000000000             374.329991            6979.943086            -206.718697           -5.3275842            0.4438495            5.3362281
 51544.0     23280.0000000000              54.112625            6991.896782             113.665523           -5.3425904           -0.0455328            5.3394962
 51544.0     23340.0000000000            -266.332001            6974.483053             433.571045           -5.3351570           -0.5347199            5.3202772
 51544.0     23400.0000000000            -585.658004            6927.775623             751.650628           -5.3053163           -1.0216458            5.2786533
 51544.0     23460.0000000000            -902.524306            6851.971917            1066.564847           -5.2531962           -1.5042544            5.2148027
 51544.0     23520.0000000000           -1215.600362            6747.392190            1376.987822           -5.1790198           -1.9805091            5.1289986
 51544.0     23580.0000000000           -1523.571826            6614.478101            1681.612879           -5.0831037           -2.4484012            5.0216077
 51544.0     23640.0000000000           -1825.146141            6453.790761            1979.158125           -4.9658573           -2.9059590            4.8930888
 51544.0     23700.0000000000           -2119.058025            6266.008261            2268.371892           -4.8277800           -3.3512564            4.7439905
 51544.0     23760.0000000000           -2404.074821            6051.922690            2548.038049           -4.6694595           -3.7824209            4.5749482
 51544.0     23820.0000000000           -2679.001695            5812.436665            2816.981135           -4.4915684           -4.1976420            4.3866816
 51544.0     23880.0000000000           -2942.686655            5548.559394            3074.071309           -4.2948614           -4.5951784            4.1799911
 51544.0     23940.0000000000           -3194.025367            5261.402294            3318.229084           -4.0801720           -4.9733657            3.9557541
 51544.0     24000.0000000000           -3431.965756            4952.174178            3548.429830           -3.8484080           -5.3306227            3.7149210
 51544.0     24060.0000000000           -3655.512369            4622.176054            3763.708029           -3.6005482           -5.6654586            3.4585112
 51544.0     24120.0000000000           -3863.730475            4272.795549            3963.161262           -3.3376373           -5.9764779            3.1876079
 51544.0     24180.0000000000           -4055.749910            3905.500988            4145.953922           -3.0607818           -6.2623868            2.9033539
 51544.0     24240.0000000000           -4230.768629            3521.835160            4311.320633           -2.7711451           -6.5219979            2.6069467
 51544.0     24300.0000000000           -4388.055969            3123.408803            4458.569362           -2.4699424           -6.7542345            2.2996328
 51544.0     24360.0000000000           -4526.955609            2711.893818            4587.084228           -2.1584357           -6.9581350            1.9827031
 51544.0     24420.0000000000           -4646.888213            2289.016271            4696.327982           -1.8379283           -7.1328561            1.6574869
 51544.0     24480.0000000000           -4747.353759            1856.549184            4785.844167           -1.5097597           -7.2776763            1.3253471
 51544.0     24540.0000000000           -4827.933545            1416.305160            4855.258945           -1.1753002           -7.3919983            0.9876737
 51544.0     24600.0000000000           -4888.291853             970.128864            4904.282584           -0.8359448           -7.4753508            0.6458794
 51544.0     24660.0000000000           -4928.177292             519.889393            4932.710612           -0.4931083           -7.5273910            0.3013925
 51544.0     24720.0000000000           -4947.423797              67.472554            4940.424622           -0.1482193           -7.5479049           -0.0443474
 51544.0     24780.0000000000           -4945.951286            -385.226910            4927.392741            0.1972857           -7.5368087           -0.3898964
 51544.0     24840.0000000000           -4923.765985            -836.313134            4893.669747            0.5419673           -7.4941488           -0.7338110
 51544.0     24900.0000000000           -4880.960401           -1283.896938            4839.396849            0.8843897           -7.4201017           -1.0746546
 51544.0     24960.0000000000           -4817.712959           -1726.103621            4764.801117            1.2231258           -7.3149732           -1.4110027
 51544.0     25020.0000000000           -4734.287293           -2161.080696            4670.194576            1.5567632           -7.1791977           -1.7414490
 51544.0     25080.0000000000           -4631.031205           -2587.005552            4555.972950            1.8839099           -7.0133366           -2.0646107
 51544.0     25140.0000000000           -4508.375271           -3002.093006            4422.614077            2.2031995           -6.8180756           -2.3791344
 51544.0     25200.0000000000           -4366.831131           -3404.602721            4270.675987            2.5132972           -6.5942234           -2.6837013
 51544.0     25260.0000000000           -4206.989429           -3792.846463            4100.794650            2.8129052           -6.3427076           -2.9770332
 51544.0     25320.0000000000           -4029.517440           -4165.195159            3913.681399            3.1007680           -6.0645720           -3.2578970
 51544.0     25380.0000000000           -3835.156372           -4520.085746            3710.120044            3.3756775           -5.7609723           -3.5251108
 51544.0     25440.0000000000           -3624.718351           -4856.027757            3490.963667            3.6364785           -5.4331720           -3.7775483
 51544.0     25500.0000000000           -3399.083113           -5171.609636            3257.131128            3.8820735           -5.0825372           -4.0141439
 51544.0     25560.0000000000           -3159.194393           -5465.504740            3009.603281            4.1114275           -4.7105313           -4.2338976
 51544.0     25620.0000000000           -2906.056039           -5736.477012            2749.418918            4.3235725           -4.3187093           -4.4358788
 51544.0     25680.0000000000           -2640.727857           -5983.386279            2477.670446            4.5176119           -3.9087113           -4.6192315
 51544.0     25740.0000000000           -2364.321201           -6205.193168            2195.499337            4.6927246           -3.4822559           -4.7831770
 51544.0     25800.0000000000           -2077.994338           -6400.963600            1904.091336            4.8481686           -3.0411332           -4.9270187
 51544.0     25860.0000000000           -1782.947585           -6569.872847            1604.671476            4.9832847           -2.5871969           -5.0501442
 51544.0     25920.0000000000           -1480.418260           -6711.209120            1298.498904            5.0974994           -2.1223566           -5.1520291
 51544.0     25980.0000000000           -1171.675457           -6824.376682             986.861546            5.1903273           -1.6485696           -5.2322389
 51544.0     26040.0000000000            -858.014675           -6908.898452             671.070641            5.2613739           -1.1678325           -5.2904314
 51544.0     26100.0000000000            -540.752312           -6964.418098             352.455152            5.3103374           -0.6821721           -5.3263582
 51544.0     26160.0000000000            -221.220073           -6990.701601              32.356106            5.3370097           -0.1936371           -5.3398658
 51544.0     26220.0000000000              99.240700           -6987.638278            -287.879138            5.3412777            0.2957113           -5.3308965
 51544.0     26280.0000000000             419.284749           -6955.241266            -606.902640            5.3231239            0.7838086           -5.2994888
 51544.0     26340.0000000000             737.568626           -6893.647459            -923.371640            5.2826262            1.2685957           -5.2457768
 51544.0     26400.0000000000            1052.756418           -6803.116893           -1235.954294            5.2199578            1.7480282           -5.1699900
 51544.0     26460.0000000000            1363.525434           -6684.031600           -1543.335349            5.1353860            2.2200855           -5.0724518
 51544.0     26520.0000000000            1668.571819           -6536.893921           -1844.221750            5.0292712            2.6827796           -4.9535784
 51544.0     26580.0000000000            1966.616087           -6362.324291           -2137.348127            4.9020649            3.1341633           -4.8138763
 51544.0     26640.0000000000            2256.408529           -6161.058525           -2421.482167            4.7543077            3.5723391           -4.6539401
 51544.0     26700.0000000000            2536.734482           -5933.944592           -2695.429810            4.5866268            3.9954674           -4.4744500
 51544.0     26760.0000000000            2806.419432           -5681.938932           -2958.040285            4.3997329            4.4017735           -4.2761682
 51544.0     26820.0000000000            3064.333933           -5406.102296           -3208.210926            4.1944168            4.7895560           -4.0599355
 51544.0     26880.0000000000            3309.398309           -5107.595173           -3444.891788            3.9715462            5.1571932           -3.8266675
 51544.0     26940.0000000000            3540.587145           -4787.672793           -3667.090004            3.7320613            5.5031496           -3.5773506
 51544.0     27000.0000000000            3756.933517           -4447.679750           -3873.873900            3.4769710            5.8259828           -3.3130375
 51544.0     27060.0000000000            3957.532975           -4089.044279           -4064.376831            3.2073481            6.1243483           -3.0348424
 51544.0     27120.0000000000            4141.547251           -3713.272188           -4237.800739            2.9243250            6.3970056           -2.7439364
 51544.0     27180.0000000000            4308.207672           -3321.940499           -4393.419411            2.6290884            6.6428221           -2.4415424
 51544.0     27240.0000000000            4456.818290           -2916.690820           -4530.581435            2.3228748            6.8607783           -2.1289300
 51544.0     27300.0000000000            4586.758698           -2499.222460           -4648.712834            2.0069650            7.0499708           -1.8074099
 51544.0     27360.0000000000            4697.486535           -2071.285344           -4747.319388            1.6826787            7.2096164           -1.4783290
 51544.0     27420.0000000000            4788.539667           -1634.672729           -4825.988620            1.3513696            7.3390543           -1.1430643
 51544.0     27480.0000000000            4859.538048           -1191.213773           -4884.391458            1.0144193            7.4377491           -0.8030179
 51544.0     27540.0000000000            4910.185243            -742.765961           -4922.283545            0.6732324            7.5052921           -0.4596108
 51544.0     27600.0000000000            4940.269625            -291.207440           -4939.506229            0.3292303            7.5414035           -0.1142777
 51544.0     27660.0000000000            4949.665222             161.570729           -4935.987194           -0.0161543            7.5459328            0.2315391
 51544.0     27720.0000000000            4938.332238             613.672362           -4911.740755           -0.3614825            7.5188598            0.5763952
 51544.0     27780.0000000000            4906.317221            1063.203968           -4866.867811           -0.7053159            7.4602944            0.9188498
 51544.0     27840.0000000000            4853.752896            1508.282551           -4801.555445           -1.0462214            7.3704765            1.2574717
 51544.0     27900.0000000000            4780.857652            1947.043387           -4716.076193           -1.3827775            7.2497750            1.5908449
 51544.0     27960.0000000000            4687.934691            2377.647727           -4610.786955           -1.7135796            7.0986867            1.9175741
 51544.0     28020.0000000000            4575.370832            2798.290425           -4486.127583           -2.0372460            6.9178344            2.2362904
 51544.0     28080.0000000000            4443.634978            3207.207429           -4342.619117           -2.3524232            6.7079649            2.5456574
 51544.0     28140.0000000000            4293.276253            3602.683143           -4180.861699           -2.6577916            6.4699460            2.8443757
 51544.0     28200.0000000000            4124.921801            3983.057605           -4001.532153           -2.9520709            6.2047637            3.1311895
 51544.0     28260.0000000000            3939.274267            4346.733455           -3805.381246           -3.2340257            5.9135183            3.4048908
 51544.0     28320.0000000000            3737.108950            4692.182678           -3593.230637           -3.5024705            5.5974202            3.6643252
 51544.0     28380.0000000000            3519.270656            5017.953080           -3365.969513           -3.7562748            5.2577855            3.9083970
 51544.0     28440.0000000000            3286.670242            5322.674466           -3124.550947           -3.9943680            4.8960305            4.1360734
 51544.0     28500.0000000000            3040.280874            5605.064504           -2869.987953           -4.2157446            4.5136666            4.3463897
 51544.0     28560.0000000000            2781.134009            5863.934227           -2603.349291           -4.4194678            4.1122938            4.5384531
 51544.0     28620.0000000000            2510.315110            6098.193171           -2325.755011           -4.6046749            3.6935942            4.7114475
 51544.0     28680.0000000000            2228.959120            6306.854093           -2038.371761           -4.7705799            3.2593252            4.8646363
 51544.0     28740.0000000000            1938.245706            6489.037268           -1742.407882           -4.9164785            2.8113120            4.9973667
 51544.0     28800.0000000000            1639.394298            6643.974328           -1439.108307           -5.0417502            2.3514401            5.1090725
 51544.0     28860.0000000000            1333.658937            6771.011624           -1129.749285           -5.1458622            1.8816467            5.1992763
 51544.0     28920.0000000000            1022.322961            6869.613100            -815.632958           -5.2283711            1.4039128            5.2675928
 51544.0     28980.0000000000             706.693556            6939.362646            -498.081811           -5.2889256            0.9202541            5.3137295
 51544.0     29040.0000000000             388.096190            6979.965930            -178.433026           -5.3272680            0.4327127            5.3374891
 51544.0     29100.0000000000              67.868959            6991.251696             141.967237           -5.3432353           -0.0566524            5.3387698
 51544.0     29160.0000000000            -252.643125            6973.172513             461.769603           -5.3367599           -0.5457742            5.3175663
 51544.0     29220.0000000000            -572.093876            6925.804980             779.627258           -5.3078702           -1.0325870            5.2739693
 51544.0     29280.0000000000            -889.141685            6849.349380            1094.201715           -5.2566904           -1.5150352            5.2081654
 51544.0     29340.0000000000           -1202.455241            6744.128781            1404.168538           -5.1834395           -1.9910830            5.1204363
 51544.0     29400.0000000000           -1510.719206            6610.587609            1708.223000           -5.0884306           -2.4587226            5.0111569
 51544.0     29460.0000000000           -1812.639807            6449.289675            2005.085640           -4.9720692           -2.9159835            4.8807942
 51544.0     29520.0000000000           -2106.950325            6260.915693            2293.507705           -4.8348513           -3.3609410            4.7299044
 51544.0     29580.0000000000           -2392.416450            6046.260278            2572.276440           -4.6773607           -3.7917244            4.5591308
 51544.0     29640.0000000000           -2667.841487            5806.228476            2840.220210           -4.5002668           -4.2065247            4.3692003
 51544.0     29700.0000000000           -2932.071380            5541.831805            3096.213431           -4.3043211           -4.6036029            4.1609202
 51544.0     29760.0000000000           -3183.999536            5254.183870            3339.181279           -4.0903536           -4.9812966            3.9351747
 51544.0     29820.0000000000           -3422.571432            4944.495536            3568.104177           -3.8592693           -5.3380271            3.6929205
 51544.0     29880.0000000000           -3646.788987            4614.069726            3782.022021           -3.6120439           -5.6723056            3.4351826
 51544.0     29940.0000000000           -3855.714678            4264.295829            3980.038152           -3.3497195           -5.9827394            3.1630499
 51544.0     30000.0000000000           -4048.475387            3896.643781            4161.323030           -3.0734000           -6.2680374            2.8776702
 51544.0     30060.0000000000           -4224.265967            3512.657824            4325.117635           -2.7842466           -6.5270147            2.5802453
 51544.0     30120.0000000000           -4382.352522            3113.949983            4470.736549           -2.4834721           -6.7585974            2.2720261
 51544.0     30180.0000000000           -4522.075372            2702.193286            4597.570738           -2.1723367           -6.9618266            1.9543068
 51544.0     30240.0000000000           -4642.851718            2279.114753            4705.089999           -1.8521421           -7.1358619            1.6284202
 51544.0     30300.0000000000           -4744.177979            1846.488194            4792.845097           -1.5242263           -7.2799846            1.2957314
 51544.0     30360.0000000000           -4825.631815            1406.126831            4860.469555           -1.1899584           -7.3936001            0.9576329
 51544.0     30420.0000000000           -4886.873812             959.875778            4907.681118           -0.8507325           -7.4762402            0.6155387
 51544.0     30480.0000000000           -4927.648834             509.604409            4934.282872           -0.5079629           -7.5275646            0.2708786
 51544.0     30540.0000000000           -4947.787039              57.198643            4940.164024           -0.1630776           -7.5473624           -0.0749075
 51544.0     30600.0000000000           -4947.204563            -395.446839            4925.300334            0.1824867           -7.5355525           -0.4203753
 51544.0     30660.0000000000           -4925.903849            -846.436394            4889.754213            0.5272905           -7.4921839           -0.7640819
 51544.0     30720.0000000000           -4883.973645           -1293.881236            4833.674460            0.8698975           -7.4174360           -1.1045913
 51544.0     30780.0000000000           -4821.588657           -1735.907219            4757.295674            1.2088797           -7.3116175           -1.4404805
 51544.0     30840.0000000000           -4739.008859           -2170.662574            4660.937311            1.5428237           -7.1751652           -1.7703450
 51544.0     30900.0000000000           -4636.578461           -2596.325569            4545.002403            1.8703361           -7.0086432           -2.0928042
 51544.0     30960.0000000000           -4514.724543           -3011.112057            4409.975944            2.1900488           -6.8127401           -2.4065077
 51544.0     31020.0000000000           -4373.955352           -3413.282897            4256.422934            2.5006253           -6.5882668           -2.7101399
 51544.0     31080.0000000000           -4214.858260           -3801.151198            4084.986108            2.8007655           -6.3361536           -3.0024261
 51544.0     31140.0000000000           -4038.097407           -4173.089387            3896.383324            3.0892115           -6.0574469           -3.2821378
 51544.0     31200.0000000000           -3844.411011           -4527.536043            3691.404652            3.3647527           -5.7533047           -3.5480974
 51544.0     31260.0000000000           -3634.608375           -4863.002483            3470.909143            3.6262311           -5.4249927           -3.7991838
 51544.0     31320.0000000000           -3409.566582           -5178.079075            3235.821310            3.8725462           -5.0738794           -4.0343368
 51544.0     31380.0000000000           -3170.226901           -5471.441232            2987.127320            4.1026598           -4.7014303           -4.2525624
 51544.0     31440.0000000000           -2917.590906           -5741.855073            2725.870908            4.3156006           -4.3092023           -4.4529363
 51544.0     31500.0000000000           -2652.716332           -5988.182726            2453.149043            4.5104686           -3.8988377           -4.6346089
 51544.0     31560.0000000000           -2376.712673           -6209.387225            2170.107344            4.6864391           -3.4720568           -4.7968089
 51544.0     31620.0000000000           -2090.736553           -6404.537000            1877.935281            4.8427666           -3.0306511           -4.9388465
 51544.0     31680.0000000000           -1795.986866           -6572.809923            1577.861161            4.9787879           -2.5764758           -5.0601172
 51544.0     31740.0000000000           -1493.699738           -6713.496885            1271.146945            5.0939257           -2.1114417           -5.1601044
 51544.0     31800.0000000000           -1185.143299           -6826.004899             959.082900            5.1876909           -1.6375074           -5.2383815
 51544.0     31860.0000000000            -871.612316           -6909.859689             642.982111            5.2596851           -1.1566700           -5.2946146
 51544.0     31920.0000000000            -554.422691           -6964.707773             324.174898            5.3096024           -0.6709571           -5.3285635
 51544.0     31980.0000000000            -234.905869           -6990.318009               4.003132            5.3372309           -0.1824179           -5.3400834
 51544.0     32040.0000000000              85.596835           -6986.582611            -316.185486            5.3424536            0.3068866           -5.3291251
 51544.0     32100.0000000000             405.739951           -6953.517609            -635.043193            5.3252490            0.7948917           -5.2957355
 51544.0     32160.0000000000             724.179590           -6891.262780            -951.227912            5.2856913            1.2795387           -5.2400573
 51544.0     32220.0000000000            1039.579166           -6800.081016           -1263.408993            5.2239497            1.7587840           -5.1623284
 51544.0     32280.0000000000            1350.615085           -6680.357158           -1570.272882            5.1402878            2.2306076           -5.0628806
 51544.0     32340.0000000000            1655.982367           -6532.596303           -1870.528714            5.0350622            2.6930226           -4.9421382
 51544.0     32400.0000000000            1954.400180           -6357.421571           -2162.913802            4.9087210            3.1440831           -4.8006156
 51544.0     32460.0000000000            2244.617255           -6155.571374           -2446.198980            4.7618011            3.5818933           -4.6389154
 51544.0     32520.0000000000            2525.417157           -5927.896188           -2719.193798            4.5949263            4.0046150           -4.4577252
 51544.0     32580.0000000000            2795.623401           -5675.354846           -2980.751534            4.4088038            4.4104756           -4.2578142
 51544.0     32640.0000000000            3054.104371           -5399.010377           -3229.773993            4.2042216            4.7977757           -4.0400303
 51544.0     32700.0000000000            3299.778035           -5100.025415           -3465.216101            3.9820440            5.1648958           -3.8052955
 51544.0     32760.0000000000            3531.616441           -4779.657199           -3686.090240            3.7432084            5.5103030           -3.5546023
 51544.0     32820.0000000000            3748.649959           -4439.252188           -3891.470339            3.4887209            5.8325570           -3.2890091
 51544.0     32880.0000000000            3949.971275           -4080.240325           -4080.495686            3.2196518            6.1303162           -3.0096354
 51544.0     32940.0000000000            4134.739102           -3704.128969           -4252.374457            2.9371310            6.4023426           -2.7176570
 51544.0     33000.0000000000            4302.181617           -3312.496533           -4406.386948            2.6423431            6.6475066           -2.4143013
 51544.0     33060.0000000000            4451.599593           -2906.985842           -4541.888503            2.3365226            6.8647912           -2.1008416
 51544.0     33120.0000000000            4582.369235           -2489.297259           -4658.312119            2.0209486            7.0532962           -1.7785921
 51544.0     33180.0000000000            4693.944692           -2061.181586           -4755.170738            1.6969392            7.2122410           -1.4489026
 51544.0     33240.0000000000            4785.860259           -1624.432786           -4832.059203            1.3658468            7.3409678           -1.1131525
 51544.0     33300.0000000000            4857.732250           -1180.880548           -4888.655891            1.0290522            7.4389440           -0.7727457
 51544.0     33360.0000000000            4909.260540            -732.382714           -4924.723993            0.6879590            7.5057640           -0.4291047
 51544.0     33420.0000000000            4940.229768            -280.817614           -4940.112472            0.3439881            7.5411508           -0.0836649
 51544.0     33480.0000000000            4950.510215             171.923680           -4934.756666           -0.0014276            7.5449568            0.2621308
 51544.0     33540.0000000000            4940.058331             623.945147           -4908.678550           -0.3468496            7.5171645            0.6068382
 51544.0     33600.0000000000            4908.916924            1073.353627           -4861.986660           -0.6908388            7.4578868            0.9490172
 51544.0     33660.0000000000            4857.215010            1518.266625           -4794.875667           -1.0319616            7.3673663            1.2872377
 51544.0     33720.0000000000            4785.167317            1956.820082           -4707.625607           -1.3687956            7.2459748            1.6200853
 51544.0     33780.0000000000            4693.073448            2387.176082           -4600.600774           -1.6999349            7.0942116            1.9461667
 51544.0     33840.0000000000            4581.316705            2807.530469           -4474.248267           -2.0239963            6.9127023            2.2641159
 51544.0     33900.0000000000            4450.362570            3216.120344           -4329.096207           -2.3396247            6.7021963            2.5725992
 51544.0     33960.0000000000            4300.756860            3611.231420           -4165.751617           -2.6454984            6.4635640            2.8703211
 51544.0     34020.0000000000            4133.123538            3991.205189           -3984.897976           -2.9403349            6.1977938            3.1560295
 51544.0     34080.0000000000            3948.162205            4354.445903           -3787.292454           -3.2228964            5.9059885            3.4285210
 51544.0     34140.0000000000            3746.645276            4699.427297           -3573.762828           -3.4919945            5.5893609            3.6866461
 51544.0     34200.0000000000            3529.414838            5024.699067           -3345.204104           -3.7464960            5.2492293            3.9293143
 51544.0     34260.0000000000            3297.379207            5328.893043           -3102.574834           -3.9853273            4.8870123            4.1554987
 51544.0     34320.0000000000            3051.509196            5610.729043           -2846.893162           -4.2074794            4.5042232            4.3642405
 51544.0     34380.0000000000            2792.834107            5869.020374           -2579.232600           -4.4120125            4.1024640            4.5546536
 51544.0     34440.0000000000            2522.437456            6102.678954           -2300.717546           -4.5980600            3.6834187            4.7259285
 51544.0     34500.0000000000            2241.452453            6310.720028           -2012.518578           -4.7648327            3.2488462            4.8773361
 51544.0     34560.0000000000            1951.057250            6492.266453           -1715.847531           -4.9116222            2.8005734            5.0082308
 51544.0     34620.0000000000            1652.469989            6646.552528           -1411.952375           -5.0378045            2.3404869            5.1180540
 51544.0     34680.0000000000            1346.943650            6772.927346           -1102.111926           -5.1428427            1.8705251            5.2063366
 51544.0     34740.0000000000            1035.760747            6870.857649            -787.630410           -5.2262898            1.3926699            5.2727010
 51544.0     34800.0000000000             720.227872            6939.930180            -469.831905           -5.2877903            0.9089378            5.3168635
 51544.0     34860.0000000000             401.670136            6979.853492            -150.054680           -5.3270827            0.4213714            5.3386348
 51544.0     34920.0000000000              81.425516            6990.459238             170.354523           -5.3439999           -0.0679702            5.3379219
 51544.0     34980.0000000000            -239.160860            6971.702906             490.046258           -5.3384707           -0.5570199            5.3147278
 51544.0     35040.0000000000            -558.742458            6923.664005             807.674155           -5.3105194           -1.0437122            5.2691518
 51544.0     35100.0000000000            -875.977087            6846.545706            1121.900679           -5.2602663           -1.5259920            5.2013892
 51544.0     35160.0000000000           -1189.532624            6740.673938            1431.402857           -5.1879268           -2.0018241            5.1117298
 51544.0     35220.0000000000           -1498.092695            6606.495931            1734.877921           -5.0938101           -2.4692017            5.0005570
 51544.0     35280.0000000000           -1800.362269            6444.578242            2031.048865           -4.9783181           -2.9261555            4.8683457
 51544.0     35340.0000000000           -2095.073154            6255.604249            2318.669869           -4.8419433           -3.3707622            4.7156603
 51544.0     35400.0000000000           -2380.989355            6040.371148            2596.531577           -4.6852660           -3.8011525            4.5431514
 51544.0     35460.0000000000           -2656.912291            5799.786458            2863.466207           -4.5089523           -4.2155196            4.3515535
 51544.0     35520.0000000000           -2921.685818            5534.864062            3118.352457           -4.3137505           -4.6121261            4.1416810
 51544.0     35580.0000000000           -3174.201072            5246.719798            3360.120200           -4.1004874           -4.9893119            3.9144246
 51544.0     35640.0000000000           -3413.401074            4936.566639            3587.754946           -3.8700651           -5.3455005            3.6707474
 51544.0     35700.0000000000           -3638.285120            4605.709464            3800.302049           -3.6234567           -5.6792058            3.4116804
 51544.0     35760.0000000000           -3847.912897            4255.539475            3996.870646           -3.3617015           -5.9890376            3.1383179
 51544.0     35820.0000000000           -4041.408352            3887.528259            4176.637315           -3.0859011           -6.2737074            2.8518129
 51544.0     35880.0000000000           -4217.963261            3503.221547            4338.849442           -2.7972143           -6.5320330            2.5533718
 51544.0     35940.0000000000           -4376.840523            3104.232684            4482.828278           -2.4968521           -6.7629434            2.2442495
 51544.0     36000.0000000000           -4517.377141            2692.235846            4607.971689           -2.1860728           -6.9654826            1.9257439
 51544.0     36060.0000000000           -4638.986893            2268.959029            4713.756580           -1.8661765           -7.1388131            1.5991909
 51544.0     36120.0000000000           -4741.162694            1836.176840            4799.740992           -1.5385000           -7.2822193            1.2659584
 51544.0     36180.0000000000           -4823.478624            1395.703119            4865.565874           -1.2044111           -7.3951094            0.9274409
 51544.0     36240.0000000000           -4885.591629             949.383421            4910.956506           -0.8653032           -7.4770183            0.5850541
 51544.0     36300.0000000000           -4927.242895             499.087381            4935.723592           -0.5225900           -7.5276086            0.2402289
 51544.0     36360.0000000000           -4948.258875              46.701001            4939.764008           -0.1776993           -7.5466724           -0.1055943
 51544.0     36420.0000000000           -4948.551988            -405.881131            4923.061207            0.1679324           -7.5341315           -0.4509710
 51544.0     36480.0000000000           -4928.120967            -856.763642            4885.685279            0.5128653           -7.4900380           -0.7944586
 51544.0     36540.0000000000           -4887.050876           -1304.058190            4827.792664            0.8556624           -7.4145739           -1.1346223
 51544.0     36600.0000000000           -4825.512773           -1745.891243            4749.625533            1.1948952           -7.3080508           -1.4700403
 51544.0     36660.0000000000           -4743.763041           -2180.411816            4651.510809            1.5291491           -7.1709085           -1.7993101
 51544.0     36720.0000000000           -4642.142371           -2605.799129            4533.858865            1.8570293           -7.0037137           -2.1210537
 51544.0     36780.0000000000           -4521.074415           -3020.270149            4397.161874            2.1771662           -6.8071576           -2.4339232
 51544.0     36840.0000000000           -4381.064089           -3422.087005            4241.991831            2.4882213           -6.5820538           -2.7366067
 51544.0     36900.0000000000           -4222.695560           -3809.564238            4068.998243            2.7888926           -6.3293354           -3.0278332
 51544.0     36960.0000000000           -4046.629889           -4181.075854            3878.905502            3.0779198           -6.0500509           -3.3063785
 51544.0     37020.0000000000           -3853.602368           -4535.062160            3672.509937            3.3540897           -5.7453609           -3.5710698
 51544.0     37080.0000000000           -3644.419527           -4870.036341            3450.676564            3.6162416           -5.4165334           -3.8207911
 51544.0     37140.0000000000           -3419.955851           -5184.590770            3214.335538            3.8632720           -5.0649391           -4.0544879
 51544.0     37200.0000000000           -3181.150191           -5477.402992            2964.478318            4.0941396           -4.6920456           -4.2711719
 51544.0     37260.0000000000           -2929.001897           -5747.241386            2702.153565            4.3078698           -4.2994119           -4.4699255
 51544.0     37320.0000000000           -2664.566677           -5992.970446            2428.462782            4.5035593           -3.8886819           -4.6499056
 51544.0     37380.0000000000           -2388.952212           -6213.555685            2144.555709            4.6803798           -3.4615777           -4.8103478
 51544.0     37440.0000000000           -2103.313525           -6408.068106            1851.625503            4.8375820           -3.0198924           -4.9505699
 51544.0     37500.0000000000           -1808.848133           -6575.688240            1550.903716            4.9744992           -2.5654824           -5.0699750
 51544.0     37560.0000000000           -1506.791010           -6715.709716            1243.655087            5.0905501           -2.1002600           -5.1680540
 51544.0     37620.0000000000           -1198.409364           -6827.542347             931.172182            5.1852419           -1.6261843           -5.2443888
 51544.0     37680.0000000000            -884.997273           -6910.714712             614.769901            5.2581722           -1.1452536           -5.2986534
 51544.0     37740.0000000000            -567.870187           -6964.876223             295.779877            5.3090312           -0.6594959           -5.3306162
 51544.0     37800.0000000000            -248.359333           -6989.798660             -24.455207            5.3376031           -0.1709606           -5.3401406
 51544.0     37860.0000000000              72.193957           -6985.377170            -344.587351            5.3437669            0.3182909           -5.3271861
 51544.0     37920.0000000000             392.443963           -6951.630720            -663.269000            5.3274973            0.8061942           -5.2918080
 51544.0     37980.0000000000             711.046310           -6888.702006            -979.158801            5.2888646            1.2906910           -5.2341576
 51544.0     38040.0000000000            1026.663696           -6796.856810           -1290.927332            5.2280341            1.7697381           -5.1544812
 51544.0     38100.0000000000            1337.971588           -6676.482825           -1597.262773            5.1452659            2.2413166           -5.0531190
 51544.0     38160.0000000000            1643.663843           -6528.087939           -1896.876487            5.0409127            2.7034404           -4.9305034
 51544.0     38220.0000000000            1942.458247           -6352.297995           -2188.508501            4.9154191            3.1541650           -4.7871568
 51544.0     38280.0000000000            2233.101938           -6149.854045           -2470.932837            4.7693185            3.5915961           -4.6236896
 51544.0     38340.0000000000            2514.376685           -5921.609109           -2742.962690            4.6032314            4.0138971           -4.4407968
 51544.0     38400.0000000000            2785.104005           -5668.524455           -3003.455425            4.4178618            4.4192974           -4.2392550
 51544.0     38460.0000000000            3044.150095           -5391.665431           -3251.317358            4.2139944            4.8060997           -4.0199189
 51544.0     38520.0000000000            3290.430556           -5092.196858           -3485.508327            3.9924907            5.1726865           -3.7837170
 51544.0     38580.0000000000            3522.914893           -4771.378025           -3705.046008            3.7542852            5.5175275           -3.5316480
 51544.0     38640.0000000000            3740.630772           -4430.557292           -3909.009980            3.5003815            5.8391850           -3.2647759
 51544.0     38700.0000000000            3942.668018           -4071.166351           -4096.545511            3.2318473            6.1363198           -2.9842256
 51544.0     38760.0000000000            4128.182349           -3694.714146           -4266.867065            2.9498102            6.4076968           -2.6911778
 51544.0     38820.0000000000            4296.398809           -3302.780508           -4419.261501            2.6554530            6.6521891           -2.3868642
 51544.0     38880.0000000000            4446.614927           -2897.009510           -4553.090974            2.3500081            6.8687827           -2.0725621
 51544.0     38940.0000000000            4578.203555           -2479.102586           -4667.795513            2.0347530            7.0565803           -1.7495891
 51544.0     39000.0000000000            4690.615399           -2050.811431           -4762.895284            1.7110046            7.2148043           -1.4192978
 51544.0     39060.0000000000            4783.381237           -1613.930719           -4837.992512            1.3801139            7.3428000           -1.0830702
 51544.0     39120.0000000000            4856.113801           -1170.290669           -4892.773083            1.0434608            7.4400379           -0.7423119
 51544.0     39180.0000000000            4908.509336            -721.749470           -4927.007800            0.7024484            7.5061152           -0.3984469
 51544.0     39240.0000000000            4940.348822            -270.185617           -4940.553303            0.3584971            7.5407581           -0.0529115
 51544.0     39300.0000000000            4951.498864             182.509837           -4933.352640            0.0130397            7.5438220            0.2928511
 51544.0     39360.0000000000            4941.912234             634.441069           -4905.435506           -0.3324852            7.5152925            0.6373970
 51544.0     39420.0000000000            4911.628080            1083.715298           -4856.918129           -0.6766381            7.4552853            0.9792867
 51544.0     39480.0000000000            4860.771789            1528.450583           -4788.002815           -1.0179848            7.3640461            1.3170913
 51544.0     39540.0000000000            4789.554508            1966.783598           -4698.977148           -1.3551018            7.2419494            1.6493980
 51544.0     39600.0000000000            4698.272323            2396.877327           -4590.212851           -1.6865821            7.0894976            1.9748159
 51544.0     39660.0000000000            4587.305098            2816.928687           -4462.164308           -2.0110411            6.9073189            2.2919815
 51544.0     39720.0000000000            4457.114975            3225.176014           -4315.366745           -2.3271219            6.6961654            2.5995645
 51544.0     39780.0000000000            4308.244535            3619.906417           -4150.434087           -2.6335008            6.4569102            2.8962729
 51544.0     39840.0000000000            4141.314634            3999.462943           -3968.056480           -2.9288933            6.1905443            3.1808588
 51544.0     39900.0000000000            3957.021903            4362.251546           -3768.997498           -3.2120590            5.8981729            3.4521233
 51544.0     39960.0000000000            3756.135938            4706.747811           -3554.091037           -3.4818071            5.5810111            3.7089221
 51544.0     40020.0000000000            3539.496166            5031.503422           -3324.237906           -3.7370014            5.2403797            3.9501700
 51544.0     40080.0000000000            3308.008423            5335.152331           -3080.402122           -3.9765653            4.8776993            4.1748459
 51544.0     40140.0000000000            3062.641225            5616.416601           -2823.606933           -4.1994868            4.4944852            4.3819974
 51544.0     40200.0000000000            2804.421772            5874.111903           -2554.930566           -4.4048226            4.0923413            4.5707449
 51544.0     40260.0000000000            2534.431680            6107.152628           -2275.501734           -4.5917027            3.6729534            4.7402858
 51544.0     40320.0000000000            2253.802470            6314.556591           -1986.494903           -4.7593343            3.2380819            4.8898981
 51544.0     40380.0000000000            1963.710825            6495.449311           -1689.125350           -4.9070055            2.7895551            5.0189440
 51544.0     40440.0000000000            1665.373638            6649.067825           -1384.644031           -5.0340883            2.3292609            5.1268726
 51544.0     40500.0000000000            1360.042869            6774.764032           -1074.332275           -5.1400421            1.8591387            5.2132226
 51544.0     40560.0000000000            1049.000241            6872.007539            -759.496335           -5.2244160            1.3811711            5.2776249
 51544.0     40620.0000000000             733.551793            6940.387991            -441.461820           -5.2868507            0.8973755            5.3198037
 51544.0     40680.0000000000             415.022314            6979.616877            -121.568031           -5.3270806            0.4097945            5.3395786
 51544.0     40740.0000000000              94.749696            6989.528805             198.837771           -5.3449348           -0.0795124            5.3368647
 51544.0     40800.0000000000            -225.920783            6970.082215             518.406130           -5.3403381           -0.5684781            5.3116738
 51544.0     40860.0000000000            -545.642205            6921.359563             835.791175           -5.3133110           -1.0550375            5.2641136
 51544.0     40920.0000000000            -863.071762            6843.566943            1149.656386           -5.2639700           -1.5371360            5.1943878
 51544.0     40980.0000000000           -1176.876488            6737.033165            1458.680306           -5.1925265           -2.0127392            5.1027948
 51544.0     41040.0000000000           -1485.738939            6602.208293            1761.562185           -5.0992862           -2.4798411            4.9897261
 51544.0     41100.0000000000           -1788.362794            6439.661649            2057.027523           -4.9846473           -2.9364738            4.8556647
 51544.0     41160.0000000000           -2083.478358            6250.079302            2343.833485           -4.8490986           -3.3807152            4.7011829
 51544.0     41220.0000000000           -2369.847923            6034.261045            2620.774168           -4.6932174           -3.8106978            4.5269389
 51544.0     41280.0000000000           -2646.270993            5793.116894            2886.685690           -4.5176662           -4.2246164            4.3336745
 51544.0     41340.0000000000           -2911.589319            5527.663113            3140.451081           -4.3231901           -4.6207358            4.1222112
 51544.0     41400.0000000000           -3164.691741            5239.017799            3381.004960           -4.1106131           -4.9973979            3.8934465
 51544.0     41460.0000000000           -3404.518814            4928.396048            3607.337974           -3.8808344           -5.3530287            3.6483497
 51544.0     41520.0000000000           -3630.067197            4597.104719            3818.500979           -3.6348242           -5.6861444            3.3879578
 51544.0     41580.0000000000           -3840.393788            4246.536842            4013.608962           -3.3736195           -5.9953574            3.1133706
 51544.0     41640.0000000000           -4034.619596            3878.165675            4191.844666           -3.0983196           -6.2793818            2.8257461
 51544.0     41700.0000000000           -4211.933331            3493.538454            4352.461932           -2.8100811           -6.5370384            2.5262953
 51544.0     41760.0000000000           -4371.594703            3094.269858            4494.788734           -2.5101131           -6.7672591            2.2162774
 51544.0     41820.0000000000           -4512.937415            2682.035224            4618.229889           -2.1996722           -6.9690907            1.8969940
 51544.0     41880.0000000000           -4635.371859            2258.563529            4722.269462           -1.8800571           -7.1416988            1.5697840
 51544.0     41940.0000000000           -4738.387476            1825.630179            4806.472829           -1.5526034           -7.2843706            1.2360179
 51544.0     42000.0000000000           -4821.554810            1385.049632            4870.488414           -1.2186778           -7.3965178            0.8970926
 51544.0     42060.0000000000           -4884.527219             938.667872            4914.049089           -0.8796732           -7.4776780            0.5544252
 51544.0     42120.0000000000           -4927.042265             488.354782            4936.973230           -0.5370026           -7.5275171            0.2094477
 51544.0     42180.0000000000           -4948.922758              35.996422            4939.165437           -0.1920936           -7.5458303           -0.1363986
 51544.0     42240.0000000000           -4950.077466            -416.512744            4920.616905            0.1536170           -7.5325423           -0.4816695
 51544.0     42300.0000000000           -4930.501484            -867.277652            4881.405452            0.4986894           -7.4877084           -0.8249228
 51544.0     42360.0000000000           -4890.276263           -1314.410451            4821.695209            0.8416859           -7.4115137           -1.1647245
 51544.0     42420.0000000000           -4829.569291           -1756.038280            4741.735956            1.1811771           -7.3042726           -1.4996546
 51544.0     42480.0000000000           -4748.633437           -2190.311003            4641.862124            1.5157475           -7.1664279           -1.8283123
 51544.0     42540.0000000000           -4647.805955           -2615.408861            4522.491458            1.8440007           -6.9985491           -2.1493222
 51544.0     42600.0000000000           -4527.507141           -3029.550014            4384.123337            2.1645657           -6.8013304           -2.4613395
 51544.0     42660.0000000000           -4388.238666           -3430.997951            4227.336766            2.4761022           -6.5755880           -2.7630557
 51544.0     42720.0000000000           -4230.581561           -3818.068731            4052.788041            2.7773060           -6.3222575           -3.0532039
 51544.0     42780.0000000000           -4055.193886           -4189.138036            3861.208089            3.0669145           -6.0423901           -3.3305642
 51544.0     42840.0000000000           -3862.808073           -4542.647998            3653.399494            3.3437122           -5.7371489           -3.5939686
 51544.0     42900.0000000000           -3654.227951           -4877.113771            3430.233225            3.6065355           -5.4078043           -3.8423066
 51544.0     42960.0000000000           -3430.325466           -5191.129833            3192.645055            3.8542782           -5.0557289           -4.0745293
 51544.0     43020.0000000000           -3192.037113           -5483.375963            2941.631709            4.0858958           -4.6823927           -4.2896545
 51544.0     43080.0000000000           -2940.360068           -5752.622894            2678.246736            4.3004107           -4.2893564           -4.4867711
 51544.0     43140.0000000000           -2676.348070           -5997.737587            2403.596126            4.4969160           -3.8782657           -4.6650429
 51544.0     43200.0000000000           -2401.107028           -6217.688121            2118.833689            4.6745800           -3.4508445           -4.8237126
 51544.0     43260.0000000000           -2115.790408           -6411.548159            1825.156214            4.8326499           -3.0088871           -4.9621054
 51544.0     43320.0000000000           -1821.594390           -6578.500971            1523.798429            4.9704552           -2.5542514           -5.0796320
 51544.0     43380.0000000000           -1519.752831           -6717.842995            1216.027783            5.0874110           -2.0888506           -5.1757914
 51544.0     43440.0000000000           -1211.532053           -6828.986912             903.139070            5.1830205           -1.6146447           -5.2501735
 51544.0     43500.0000000000            -898.225477           -6911.464211             586.448926            5.2568776           -1.1336325           -5.3024607
 51544.0     43560.0000000000            -581.148128           -6964.927247             267.290220            5.3086685           -0.6478427           -5.3324296
 51544.0     43620.0000000000            -261.631044           -6989.150765             -52.993633            5.3381734           -0.1593247           -5.3399522
 51544.0     43680.0000000000              58.984399           -6984.032879            -373.054414            5.3452676            0.3298600           -5.3249965
 51544.0     43740.0000000000             379.352200           -6949.595518            -691.544856            5.3299217            0.8176473           -5.2876263
 51544.0     43800.0000000000             698.127471           -6885.984317           -1007.124407            5.2922023            1.3019794           -5.2280013
 51544.0     43860.0000000000            1013.972173           -6793.467963           -1318.464952            5.2322709            1.7808137           -5.1463764
 51544.0     43920.0000000000            1325.560800           -6672.437007           -1624.256477            5.1503836            2.2521323           -5.0430998
 51544.0     43980.0000000000            1631.586018           -6523.402131           -1923.212647            5.0468898            2.7139501           -4.9186122
 51544.0     44040.0000000000            1930.764206           -6346.991900           -2214.076270            4.9222303            3.1643242           -4.7734440
 51544.0     44100.0000000000            2221.840880           -6143.950003           -2495.624619            4.7769351            3.6013615           -4.6082132
 51544.0     44160.0000000000            2503.595983           -5915.131995           -2766.674599            4.6116212            4.0232273           -4.4236223
 51544.0     44220.0000000000            2774.849011           -5661.501573           -3026.087718            4.4269895            4.4281530           -4.2204551
 51544.0     44280.0000000000            3034.463947           -5384.126394           -3272.774860            4.2238216            4.8144432           -3.9995729
 51544.0     44340.0000000000            3281.353999           -5084.173457           -3505.700827            4.0029760            5.1804828           -3.7619110
 51544.0     44400.0000000000            3514.486109           -4762.904090           -3723.888637            3.7653847            5.5247438           -3.5084741
 51544.0     44460.0000000000            3732.885218           -4421.668548           -3926.423567            3.5120484            5.8457909           -3.2403318
 51544.0     44520.0000000000            3935.638281           -4061.900259           -4112.456912            3.2440325            6.1422878           -2.9586143
 51544.0     44580.0000000000            4121.898003           -3685.109745           -4281.209463            2.9624626            6.4130018           -2.6645073
 51544.0     44640.0000000000            4290.886296           -3292.878248           -4431.974686            2.6685193            6.6568092           -2.3592467
 51544.0     44700.0000000000            4441.897438           -2886.851078           -4564.121590            2.3634334            6.8726987           -2.0441137
 51544.0     44760.0000000000            4574.300937           -2468.730730           -4677.097278            2.0484806            7.0597760           -1.7204293
 51544.0     44820.0000000000            4687.544069           -2040.269780           -4770.429175            1.7249768            7.2172665           -1.3895491
 51544.0     44880.0000000000            4781.154109           -1603.263604           -4843.726930            1.3942718            7.3445186           -1.0528574
 51544.0     44940.0000000000            4854.740233           -1159.542931           -4896.683979            1.0577448            7.4410058           -0.7117619
 51544.0     45000.0000000000            4907.995087            -710.966282           -4929.078773            0.7167983            7.5063286           -0.3676877
 51544.0     45060.0000000000            4940.696030            -259.412290           -4940.775665            0.3728524            7.5402162           -0.0220720
 51544.0     45120.0000000000            4952.706030             193.228037           -4931.725453            0.0273397            7.5425270            0.3236417
 51544.0     45180.0000000000            4943.974233             645.059107           -4901.965586           -0.3183008            7.5132499            0.6680095
 51544.0     45240.0000000000            4914.536179            1094.188557           -4851.620013           -0.6626292            7.4525037            1.0095928
 51544.0     45300.0000000000            4864.513684            1538.735049           -4780.898707           -1.0042104            7.3605369            1.3469639
 51544.0     45360.0000000000            4794.114375            1976.836036           -4690.096825           -1.3416201            7.2377271            1.6787118
 51544.0     45420.0000000000            4703.630885            2406.655468           -4579.593543           -1.6734500            7.0845797            2.0034479
 51544.0     45480.0000000000            4593.439709            2826.391393           -4449.850545           -1.9983141            6.9017259            2.3198116
 51544.0     45540.0000000000            4463.999710            3234.283457           -4301.410175           -2.3148536            6.6899203            2.6264755
 51544.0     45600.0000000000            4315.850308            3628.620241           -4134.893263           -2.6217430            6.4500391            2.9221518
 51544.0     45660.0000000000            4149.609313            4007.746427           -3950.996621           -2.9176957            6.1830756            3.2055966
 51544.0     45720.0000000000            3965.970454            4370.069756           -3750.490220           -3.2014687            5.8901378            3.4756158
 51544.0     45780.0000000000            3765.700568            4714.067753           -3534.214057           -3.4718687            5.5724431            3.7310703
 51544.0     45840.0000000000            3549.636489            5038.294181           -3303.074718           -3.7277568            5.2313144            3.9708803
 51544.0     45900.0000000000            3318.681625            5341.385203           -3058.041654           -3.9680535            4.8681748            4.1940309
 51544.0     45960.0000000000            3073.802251            5622.065219           -2800.143174           -4.1917435            4.4845414            4.3995758
 51544.0     46020.0000000000            2816.023513            5879.152351           -2530.462174           -4.3978805            4.0820199            4.5866424
 51544.0     46080.0000000000            2546.425174            6111.563549           -2250.131621           -4.5855909            3.6622979            4.7544350
 51544.0     46140.0000000000            2266.137110            6318.319279           -1960.329805           -4.7540786            3.2271372            4.9022390
 51544.0     46200.0000000000            1976.334570            6498.547797           -1662.275375           -4.9026278            2.7783675            5.0294242
 51544.0     46260.0000000000            1678.233233            6651.488946           -1357.222197           -5.0306071            2.3178777            5.1354476
 51544.0     46320.0000000000            1373.084071            6776.497495           -1046.454027           -5.1374719            1.8476081            5.2198560
 51544.0     46380.0000000000            1062.168047            6873.045963            -731.279061           -5.2227676            1.3695420            5.2822884
 51544.0     46440.0000000000             746.790668            6940.726945            -413.024349           -5.2861310            0.8856972            5.3224775
 51544.0     46500.0000000000             428.276427            6979.254901             -93.030129           -5.3272926            0.3981167            5.3402513
 51544.0     46560.0000000000             107.963155            6988.467413             227.355911           -5.3460776           -0.0911401            5.3355335
 51544.0     46620.0000000000            -212.803700            6968.325896             546.784397           -5.3424067           -0.5800064            5.3083442
 51544.0     46680.0000000000            -532.676810            6918.915756             863.910055           -5.3162969           -1.0664174            5.2588000
 51544.0     46740.0000000000            -850.312731            6840.446007            1177.397468           -5.2678605           -1.5483192            5.1871126
 51544.0     46800.0000000000           -1164.377630            6733.248331            1485.926783           -5.1973053           -2.0236781            5.0935890
 51544.0     46860.0000000000           -1473.552967            6597.775606            1788.199353           -5.1049332           -2.4904896            4.9786288
 51544.0     46920.0000000000           -1776.541109            6434.599897            2082.943267           -4.9911388           -2.9467867            4.8427231
 51544.0     46980.0000000000           -2072.070826            6244.409933            2368.918751           -4.8564074           -3.3906490            4.6864517
 51544.0     47040.0000000000           -2358.902672            6028.008069            2644.923425           -4.7013126           -3.8202107            4.5104807
 51544.0     47100.0000000000           -2635.834206            5786.306781            2909.797374           -4.5265139           -4.2336683            4.3155591
 51544.0     47160.0000000000           -2901.705040            5520.324673            3162.428021           -4.3327530           -4.6292887            4.1025152
 51544.0     47220.0000000000           -3155.401691            5231.182059            3401.754785           -4.1208510           -5.0054160            3.8722531
 51544.0     47280.0000000000           -3395.862212            4920.096115            3626.773498           -3.8917041           -5.3604784            3.6257485
 51544.0     47340.0000000000           -3622.080596            4588.375639            3836.540568           -3.6462800           -5.6929947            3.3640441
 51544.0     47400.0000000000           -3833.110918            4237.415448            4030.176866           -3.3856132           -6.0015797            3.0882453
 51544.0     47460.0000000000           -4028.071224            3868.690428            4206.871339           -3.1108006           -6.2849505            2.7995150
 51544.0     47520.0000000000           -4206.147128            3483.749284            4365.884316           -2.8229967           -6.5419303            2.4990688
 51544.0     47580.0000000000           -4366.595124            3084.207994            4506.550517           -2.5234090           -6.7714539            2.1881700
 51544.0     47640.0000000000           -4508.745603            2671.743019            4628.281741           -2.2132923           -6.9725712            1.8681237
 51544.0     47700.0000000000           -4632.005545            2248.084286            4730.569234           -1.8939440           -7.1444507            1.5402720
 51544.0     47760.0000000000           -4735.860911            1815.007970            4812.985724           -1.5666983           -7.2863826            1.2059882
 51544.0     47820.0000000000           -4819.878702            1374.329114            4875.187134           -1.2329214           -7.3977816            0.8666710
 51544.0     47880.0000000000           -4883.708687             927.894106            4916.913941           -0.8940054           -7.4781885            0.5237393
 51544.0     47940.0000000000           -4927.084809             477.573044            4937.992212           -0.5513629           -7.5272723            0.1786262
 51544.0     48000.0000000000           -4949.826245              25.252019            4938.334282           -0.2064214           -7.5448311           -0.1672267
 51544.0     48060.0000000000           -4951.838130            -427.174661            4917.939103            0.1393822           -7.5307930           -0.5123748
 51544.0     48120.0000000000           -4933.111945            -877.812277            4876.892235            0.4846076           -7.4852161           -0.8553766
 51544.0     48180.0000000000           -4893.725555           -1324.773502            4815.365502            0.8278165           -7.4082888           -1.1947992
 51544.0     48240.0000000000           -4833.842912           -1766.186187            4733.616306            1.1675786           -7.3003285           -1.5292238
 51544.0     48300.0000000000           -4753.713412           -2200.201088            4631.986590            1.5024770           -7.1617809           -1.8572520
 51544.0     48360.0000000000           -4653.670910           -2624.999515            4510.901471            1.8311143           -6.9932185           -2.1775109
 51544.0     48420.0000000000           -4534.132397           -3038.800871            4370.867530            2.1521176           -6.7953383           -2.4886587
 51544.0     48480.0000000000           -4395.596340           -3439.870058            4212.470778            2.4641448           -6.5689594           -2.7893904
 51544.0     48540.0000000000           -4238.640690           -3826.524715            4036.374286            2.7658897           -6.3150201           -3.0784434
 51544.0     48600.0000000000           -4063.920556           -4197.142261            3843.315497            3.0560873           -6.0345741           -3.3546020
 51544.0     48660.0000000000           -3872.165560           -4550.166719            3634.103231            3.3335195           -5.7287871           -3.6167034
 51544.0     48720.0000000000           -3664.176879           -4884.115282            3409.614374            3.5970204           -5.3989318           -3.8636425
 51544.0     48780.0000000000           -3440.823972           -5197.584599            3170.790285            3.8454805           -5.0463830           -4.0943762
 51544.0     48840.0000000000           -3203.041023           -5489.256756            2918.632909            4.0778526           -4.6726128           -4.3079285
 51544.0     48900.0000000000           -2951.823084           -5757.904906            2654.200631            4.2931558           -4.2791839           -4.5033949
 51544.0     48960.0000000000           -2688.221959           -6002.398544            2378.603871            4.4904799           -3.8677437           -4.6799462
 51544.0     49020.0000000000           -2413.341831           -6221.708380            2093.000442            4.6689898           -3.4400175           -4.8368324
 51544.0     49080.0000000000           -2128.334644           -6414.910795            1798.590693            4.8279292           -2.9978011           -4.9733861
 51544.0     49140.0000000000           -1834.395272           -6581.191854            1496.612450            4.9666240           -2.5429536           -5.0890259
 51544.0     49200.0000000000           -1532.756486           -6719.850851            1188.335788            5.0844855           -2.0773889           -5.1832588
 51544.0     49260.0000000000           -1224.683749           -6830.303372             875.057639            5.1810131           -1.6030680           -5.2556827
 51544.0     49320.0000000000            -911.469847           -6912.083850             558.096284            5.2557969           -1.1219901           -5.3059886
 51544.0     49380.0000000000            -594.429407           -6964.847607             238.785732            5.3085193           -0.6361841           -5.3339614
 51544.0     49440.0000000000            -274.893295           -6988.372362             -81.529969            5.3389566           -0.1476995           -5.3394817
 51544.0     49500.0000000000              45.797045           -6982.559201            -401.502478            5.3469801            0.3414024           -5.3225257
 51544.0     49560.0000000000             366.295315           -6947.433007            -719.784918            5.3325567            0.8290579           -5.2831661
 51544.0     49620.0000000000             685.256095           -6883.142337           -1035.037633            5.2957488            1.3132098           -5.2215709
 51544.0     49680.0000000000            1001.340581           -6789.958756           -1345.933909            5.2367144            1.7918164           -5.1380031
 51544.0     49740.0000000000            1313.222279           -6668.275637           -1651.165632            5.1557058            2.2628608           -5.0328196
 51544.0     49800.0000000000            1619.592639           -6518.606412           -1949.448854            5.0530685            2.7243592           -4.9064688
 51544.0     49860.0000000000            1919.166604           -6341.582317           -2239.529248            4.9292397            3.1743701           -4.7594890
 51544.0     49920.0000000000            2210.688042           -6137.949618           -2520.187415            4.7847460            3.6110021           -4.5925059
 51544.0     49980.0000000000            2492.935039           -5908.566345           -2790.244037            4.6202010            4.0324224           -4.4062294
 51544.0     50040.0000000000            2764.725032           -5654.398555           -3048.564832            4.4363023            4.4368641           -4.2014501
 51544.0     50100.0000000000            3024.919756           -5376.516140           -3294.065305            4.2338283            4.8226341           -3.9790362
 51544.0     50160.0000000000            3272.429986           -5076.088210           -3525.715273            4.0136347            5.1881196           -3.7399294
 51544.0     50220.0000000000            3506.220060           -4754.378057           -3742.543138            3.7766505            5.5317948           -3.4851401
 51544.0     50280.0000000000            3725.312153           -4412.737757           -3943.639910            3.5238739            5.8522271           -3.2157439
 51544.0     50340.0000000000            3928.790301           -4052.602406           -4128.162937            3.2563680            6.1480827           -2.9328760
 51544.0     50400.0000000000            4115.804156           -3675.484035           -4295.339363            2.9752561            6.4181317           -2.6377266
 51544.0     50460.0000000000            4285.572449           -3282.965231           -4444.469275            2.6817167            6.6612529           -2.3315361
 51544.0     50520.0000000000            4437.386169           -2876.692480           -4574.928546            2.3769791            6.8764382           -2.0155895
 51544.0     50580.0000000000            4570.611434           -2458.369282           -4686.171357            2.0623175            7.0627958           -1.6912112
 51544.0     50640.0000000000            4684.692051           -2029.749042           -4777.732400            1.7390463            7.2195545           -1.3597595
 51544.0     50700.0000000000            4779.151758           -1592.627784           -4849.228742            1.4085146            7.3460654           -1.0226210
 51544.0     50760.0000000000            4853.596141           -1148.836709           -4900.361365            1.0721007            7.4418050           -0.6812053
 51544.0     50820.0000000000            4907.714221            -700.234623           -4930.916360            0.7312065            7.5063770           -0.3369390
 51544.0     50880.0000000000            4941.279710            -248.700265           -4940.765786            0.3872522            7.5395135            0.0087400
 51544.0     50940.0000000000            4954.151927             203.875437           -4929.868178            0.0416703            7.5410763            0.3543880
 51544.0     51000.0000000000            4946.276376             655.597158           -4898.268724           -0.3040999            7.5110569            0.6985613
 51544.0     51060.0000000000            4917.684986            1104.572980           -4846.099086           -0.6486179            7.4495775            1.0398219
 51544.0     51120.0000000000            4868.496001            1548.922197           -4773.576883           -0.9904478            7.3568895            1.3767436
 51544.0     51180.0000000000            4798.913535            1986.783075           -4681.004832           -1.3281641            7.2333736            1.7079171
 51544.0     51240.0000000000            4709.226781            2416.320551           -4568.769541           -1.6603574            7.0795380            2.0319561
 51544.0     51300.0000000000            4599.808877            2835.733844           -4437.339973           -1.9856399            6.8960169            2.3475027
 51544.0     51360.0000000000            4471.115436            3243.263937           -4287.265569           -2.3026512            6.6835678            2.6532331
 51544.0     51420.0000000000            4323.682734            3637.200917           -4119.174038           -2.6100637            6.4430695            2.9478631
 51544.0     51480.0000000000            4158.125571            4015.891136           -3933.768828           -2.9065885            6.1755181            3.2301532
 51544.0     51540.0000000000            3975.134803            4377.744163           -3731.826274           -3.1909804            5.8820240            3.4989141
 51544.0     51600.0000000000            3775.474543            4721.239497           -3514.192437           -3.4620433            5.5638073            3.7530118
 51544.0     51660.0000000000            3559.979064            5044.933019           -3281.779642           -3.7186355            5.2221930            3.9913724
 51544.0     51720.0000000000            3329.549387            5347.463146           -3035.562725           -3.9596747            4.8586063            4.2129867
 51544.0     51780.0000000000            3085.149579            5627.556654           -2776.575004           -4.1841424            4.4745665            4.4169152
 51544.0     51840.0000000000            2827.802768            5884.034158           -2505.903989           -4.3910891            4.0716811            4.6022919
 51544.0     51900.0000000000            2558.586899            6115.815201           -2224.686838           -4.5796378            3.6516390            4.7683283
 51544.0     51960.0000000000            2278.630234            6321.922938           -1934.105596           -4.7489889            3.2162040            4.9143173
 51544.0     52020.0000000000            1989.106621            6501.488390           -1635.382214           -4.8984232            2.7672065            5.0396364
 51544.0     52080.0000000000            1691.230554            6653.754237           -1329.773385           -5.0273054            2.3065366            5.1437505
 51544.0     52140.0000000000            1386.252043            6778.078133           -1018.565215           -5.1350873            1.8361355            5.2262146
 51544.0     52200.0000000000            1075.451314            6873.935529            -703.067751           -5.2213104            1.3579870            5.2866759
 51544.0     52260.0000000000             760.133370            6940.921973            -384.609398           -5.2856078            0.8741092            5.3248757
 51544.0     52320.0000000000             441.622429            6978.754894             -64.531236           -5.3277059            0.3865451            5.3406503
 51544.0     52380.0000000000             121.256280            6987.274841             255.818711           -5.3474262           -0.1026459            5.3339319
 51544.0     52440.0000000000            -199.619434            6966.446179             575.091248           -5.3446856           -0.5913974            5.3047494
 51544.0     52500.0000000000            -519.656961            6916.357237             891.941789           -5.3194968           -1.0776452            5.2532275
 51544.0     52560.0000000000            -837.512196            6837.219909            1205.036111           -5.2719686           -1.5593362            5.1795868
 51544.0     52620.0000000000           -1151.850415            6729.368700            1513.056060           -5.2023048           -2.0344379            5.0841420
 51544.0     52680.0000000000           -1461.351962            6593.259247            1814.705174           -5.1108036           -2.5009467            4.9673013
 51544.0     52740.0000000000           -1764.717861            6429.466291            2108.714211           -4.9978560           -2.9568973            4.8295634
 51544.0     52800.0000000000           -2060.675323            6238.681145            2393.846536           -4.8639435           -3.4003709            4.6715161
 51544.0     52860.0000000000           -2347.983129            6021.708651            2668.903361           -4.7096364           -3.8295032            4.4938326
 51544.0     52920.0000000000           -2625.436857            5779.463654            2932.728798           -4.5355906           -4.2424930            4.2972692
 51544.0     52980.0000000000           -2891.873943            5512.967013            3184.214720           -4.3425448           -4.6376091            4.0826610
 51544.0     53040.0000000000           -3146.178536            5223.341164            3422.305393           -4.1313168           -5.0131979            3.8509187
 51544.0     53100.0000000000           -3387.286142            4911.805267            3646.001873           -3.9028002           -5.3676898            3.6030240
 51544.0     53160.0000000000           -3614.188036            4579.669964            3854.366148           -3.6579597           -5.6996061            3.3400253
 51544.0     53220.0000000000           -3825.935421            4228.331765            4046.524999           -3.3978272           -6.0075643            3.0630332
 51544.0     53280.0000000000           -4021.643319            3859.267094            4221.673588           -3.1234975           -6.2902838            2.7732157
 51544.0     53340.0000000000           -4200.494193            3474.026033            4379.078740           -2.8361230           -6.5465908            2.4717927
 51544.0     53400.0000000000           -4361.741264            3074.225773            4518.081923           -2.5369092           -6.7754228            2.1600315
 51544.0     53460.0000000000           -4504.711545            2661.543823            4638.101909           -2.2271093           -6.9758324            1.8392408
 51544.0     53520.0000000000           -4628.808551            2237.710982            4738.637109           -1.9080193           -7.1469911            1.5107656
 51544.0     53580.0000000000           -4733.514700            1804.504126            4819.267591           -1.5809724           -7.2881920            1.1759817
 51544.0     53640.0000000000           -4818.393392            1363.738825            4879.656749           -1.2473339           -7.3988527            0.8362901
 51544.0     53700.0000000000           -4883.090754             917.261813            4919.552643           -0.9084953           -7.4785170            0.4931110
 51544.0     53760.0000000000           -4927.337057             466.943356            4938.788995           -0.5658688           -7.5268569            0.1478786
 51544.0     53820.0000000000           -4950.947798              14.669535            4937.285849           -0.2208821           -7.5436735           -0.1979649
 51544.0     53880.0000000000           -4953.824437            -437.665537            4915.049875            0.1250279           -7.5288979           -0.5429751
 51544.0     53940.0000000000           -4935.954801            -888.167509            4872.174338            0.4704203           -7.4825913           -0.8857107
 51544.0     54000.0000000000           -4897.413140           -1334.949610            4808.838723            0.8138560           -7.4049449           -1.2247401
 51544.0     54060.0000000000           -4838.359844           -1776.140420            4725.308012            1.1539038           -7.2962791           -1.5586460
 51544.0     54120.0000000000           -4759.040812           -2209.891604            4621.931621            1.4891456           -7.1570427           -1.8860320
 51544.0     54180.0000000000           -4659.786490           -2634.385554            4499.142001            1.8181822           -6.9878110           -2.2055277
 51544.0     54240.0000000000           -4541.010554           -3047.842930            4357.452898            2.1396393           -6.7892838           -2.5157946
 51544.0     54300.0000000000           -4403.208269           -3448.530058            4197.457284            2.4521727           -6.5622830           -2.8155312
 51544.0     54360.0000000000           -4246.954506           -3834.766164            4019.824966            2.7544738           -6.3077496           -3.1034788
 51544.0     54420.0000000000           -4072.901432           -4204.930414            3825.299862            3.0452756           -6.0267400           -3.3784265
 51544.0     54480.0000000000           -3881.775875           -4557.468732            3614.696981            3.3233573           -5.7204222           -3.6392164
 51544.0     54540.0000000000           -3674.376375           -4890.900354            3388.899085            3.5875501           -5.3900714           -3.8847488
 51544.0     54600.0000000000           -3451.569928           -5203.824113            3148.853066            3.8367418           -5.0370646           -4.1139865
 51544.0     54660.0000000000           -3214.288427           -5494.924407            2895.566042            4.0698822           -4.6628759           -4.3259598
 51544.0     54720.0000000000           -2963.524826           -5762.976820            2630.101181            4.2859869           -4.2690700           -4.5197709
 51544.0     54780.0000000000           -2700.329025           -6006.853388            2353.573274            4.4841427           -3.8572959           -4.6945975
 51544.0     54840.0000000000           -2425.803505           -6225.527457            2067.144079            4.6635109           -3.4292806           -4.8496969
 51544.0     54900.0000000000           -2141.098718           -6418.078130            1772.017442            4.8233317           -2.9868211           -4.9844094
 51544.0     54960.0000000000           -1847.408259           -6583.694269            1469.434221            4.9629274           -2.5317775           -5.0981614
 51544.0     55020.0000000000           -1545.963844           -6721.678022            1160.667046            5.0817055           -2.0660649           -5.1904679
 51544.0     55080.0000000000           -1238.030099           -6831.447874             847.014916            5.1791618           -1.5916446           -5.2609353
 51544.0     55140.0000000000            -924.899208           -6912.541191             529.797680            5.2548824           -1.1105163           -5.3092625
 51544.0     55200.0000000000            -607.885420           -6964.616244             210.350409            5.3085459           -0.6247092           -5.3352433
 51544.0     55260.0000000000            -288.319458           -6987.453703            -109.982297            5.3399248           -0.1362727           -5.3387665
 51544.0     55320.0000000000              32.457144           -6980.957595            -429.852052            5.3488864            0.3527324           -5.3198171
 51544.0     55380.0000000000             353.097763           -6945.155718            -747.912451            5.3353938            0.8402427           -5.2784760
 51544.0     55440.0000000000             672.256425           -6880.199505           -1062.824813            5.2995056            1.3242019           -5.2149199
 51544.0     55500.0000000000             988.593537           -6786.363347           -1373.263906            5.2413757            1.8025692           -5.1294201
 51544.0     55560.0000000000            1300.781588           -6664.043372           -1677.923590            5.1612528            2.2733290           -5.0223415
 51544.0     55620.0000000000            1607.510784           -6513.755696           -1975.522376            5.0594786            2.7344988           -4.8941405
 51544.0     55680.0000000000            1907.494604           -6336.134146           -2264.808869            4.9364867            3.1841387           -4.7453634
 51544.0     55740.0000000000            2199.475231           -6131.927480           -2544.567063            4.7928000            3.6203591           -4.5766432
 51544.0     55800.0000000000            2482.228861           -5901.996111           -2813.621474            4.6290288            4.0413289           -4.3886969
 51544.0     55860.0000000000            2754.570833           -5647.308361           -3070.842078            4.4458673            4.4452836           -4.1823224
 51544.0     55920.0000000000            3015.360589           -5368.936260           -3315.149045            4.2440908            4.8305320           -3.9583944
 51544.0     55980.0000000000            3263.506426           -5068.050917           -3545.517241            4.0245517            5.1954636           -3.7178605
 51544.0     56040.0000000000            3497.970025           -4745.917489           -3760.980481            3.7881764            5.5385552           -3.4617374
 51544.0     56100.0000000000            3717.770740           -4403.889766           -3960.635523            3.5359604            5.8583765           -3.1911058
 51544.0     56160.0000000000            3921.989632           -4043.404405           -4143.645782            3.2689643            6.1535964           -2.9071061
 51544.0     56220.0000000000            4109.773234           -3665.974845           -4309.244754            2.9883090            6.4229876           -2.6109331
 51544.0     56280.0000000000            4280.337033           -3273.184916           -4456.739142            2.6951713            6.6654316           -2.3038312
 51544.0     56340.0000000000            4432.968658           -2866.682187           -4585.511669            2.3907784            6.8799229           -1.9870892
 51544.0     56400.0000000000            4567.030771           -2448.171071           -4695.023575            2.0764032            7.0655729           -1.6620347
 51544.0     56460.0000000000            4681.963636           -2019.405719           -4784.816787            1.7533588            7.2216129           -1.3300287
 51544.0     56520.0000000000            4777.287383           -1582.182730           -4854.515759            1.4229932            7.3473969           -0.9924602
 51544.0     56580.0000000000            4852.603936           -1138.333707           -4903.828980            1.0866841            7.4424044           -0.6507405
 51544.0     56640.0000000000            4907.598621            -689.717682           -4932.550138            0.7458329            7.5062420           -0.3062972
 51544.0     56700.0000000000            4942.041435            -238.213449           -4940.558949            0.4018596            7.5386447            0.0394307
 51544.0     56760.0000000000            4955.787983             214.288190           -4927.821638            0.0561969            7.5394771            0.3849994
 51544.0     56820.0000000000            4948.780067             665.892204           -4894.391080           -0.2897156            7.5087339            0.7289654
 51544.0     56880.0000000000            4921.045944            1114.707153           -4840.406595           -0.6344367            7.4465399            1.0698916
 51544.0     56940.0000000000            4872.700238            1558.852979           -4766.093396           -0.9765296            7.3531496            1.4063530
 51544.0     57000.0000000000            4803.943503            1996.468770           -4671.761702           -1.3145677            7.2289467            1.7369420
 51544.0     57060.0000000000            4715.061450            2425.720460           -4557.805502           -1.6471400            7.0744420            2.0602747
 51544.0     57120.0000000000            4606.423829            2844.808432           -4424.700985           -1.9728571            6.8902726            2.3749961
 51544.0     57180.0000000000            4478.482972            3251.975003           -4273.004633           -2.2903567            6.6771989            2.6797856
 51544.0     57240.0000000000            4331.771996            3645.511758           -4103.350984           -2.5983091            6.4361021            2.9733629
 51544.0     57300.0000000000            4166.902676            4023.766703           -3916.450073           -2.8954231            6.1679813            3.2544926
 51544.0     57360.0000000000            3984.562984            4385.151219           -3713.084547           -3.1804508            5.8739492            3.5219904
 51544.0     57420.0000000000            3785.514312            4728.146763           -3494.106483           -3.4521936            5.5552283            3.7747273
 51544.0     57480.0000000000            3570.588378            5051.311316           -3260.433895           -3.7095069            5.2131459            4.0116351
 51544.0     57540.0000000000            3340.683821            5353.285526           -3013.046955           -3.9513053            4.8491294            4.2317109
 51544.0     57600.0000000000            3096.762517            5632.798527           -2752.983945           -4.1765672            4.4647000            4.4340213
 51544.0     57660.0000000000            2839.845595            5888.673403           -2481.336935           -4.3843396            4.0614671            4.6177074
 51544.0     57720.0000000000            2571.009204            6119.832270           -2199.247229           -4.5737424            3.6411213            4.7819877
 51544.0     57780.0000000000            2291.380017            6325.300950           -1907.900575           -4.7439722            3.2054275            4.9261627
 51544.0     57840.0000000000            2002.130506            6504.213207           -1608.522171           -4.8943063            2.7562176            5.0496174
 51544.0     57900.0000000000            1704.474011            6655.814530           -1302.371488           -5.0241057            2.2953827            5.1518249
 51544.0     57960.0000000000            1399.659609            6779.465438            -990.736923           -5.1328186            1.8248646            5.2323483
 51544.0     58020.0000000000            1088.966822            6874.644280            -674.930323           -5.2199824            1.3466477            5.2908432
 51544.0     58080.0000000000             773.700176            6940.949531            -356.281384           -5.2852265            0.8627502            5.3270591
 51544.0     58140.0000000000             455.183647            6978.101551             -36.131975           -5.3282735            0.3752155            5.3408410
 51544.0     58200.0000000000             134.755013            6985.943819             284.169608           -5.3489409           -0.1138975            5.3321297
 51544.0     58260.0000000000            -186.239859            6964.443607             603.274410           -5.3471416           -0.6025228            5.3009625
 51544.0     58320.0000000000            -506.452759            6913.692120             919.838592           -5.3228846           -1.0885968            5.2474726
 51544.0     58380.0000000000            -824.538890            6833.904075            1232.529188           -5.2762747           -1.5700674            5.1718890
 51544.0     58440.0000000000           -1139.162609            6725.416745            1540.029797           -5.2075121           -2.0449032            5.0745347
 51544.0     58500.0000000000           -1449.003109            6588.688456            1841.046203           -5.1168910           -2.5111020            4.9558259
 51544.0     58560.0000000000           -1752.760040            6424.296554            2134.311887           -5.0047986           -2.9666999            4.8162692
 51544.0     58620.0000000000           -2049.159017            6232.934859            2418.593404           -4.8717130           -3.4097799            4.6564601
 51544.0     58680.0000000000           -2336.957012            6015.410615            2692.695604           -4.7182009           -3.8384796            4.4770791
 51544.0     58740.0000000000           -2614.947587            5772.640948            2955.466670           -4.5449147           -4.2509997            4.2788895
 51544.0     58800.0000000000           -2881.965956            5505.648877            3205.802959           -4.3525900           -4.6456112            4.0627332
 51544.0     58860.0000000000           -3136.893858            5215.558860            3442.653615           -4.1420414           -5.0206628            3.8295272
 51544.0     58920.0000000000           -3378.664204            4903.591945            3665.024943           -3.9141593           -5.3745873            3.5802592
 51544.0     58980.0000000000           -3606.265500            4571.060512            3871.984524           -3.6699058           -5.7059085            3.3159833
 51544.0     59040.0000000000           -3818.746019            4219.362661            4062.665060           -3.4103103           -6.0132463            3.0378153
 51544.0     59100.0000000000           -4015.217705            3849.976250            4236.267929           -3.1364651           -6.2953229            2.7469277
 51544.0     59160.0000000000           -4194.859804            3464.452638            4392.066446           -2.8495204           -6.5509670            2.4445449
 51544.0     59220.0000000000           -4356.922202            3064.410130            4529.408811           -2.5506798           -6.7791189            2.1319380
 51544.0     59280.0000000000           -4500.728463            2651.527186            4647.720746           -2.2411949           -6.9788340            1.8104191
 51544.0     59340.0000000000           -4625.678565            2227.535390            4746.507803           -1.9223602           -7.1492864            1.4813361
 51544.0     59400.0000000000           -4731.251311            1794.212236            4825.357350           -1.5955079           -7.2897722            1.1460673
 51544.0     59460.0000000000           -4817.006426            1353.373741            4883.940212           -1.2620022           -7.3997116            0.8060156
 51544.0     59520.0000000000           -4882.586318             906.866920            4922.011985           -0.9232342           -7.4786515            0.4626026
 51544.0     59580.0000000000           -4927.717515             456.562149            4939.413998           -0.5806158           -7.5262665            0.1172636
 51544.0     59640.0000000000           -4952.211756               4.345444            4936.073943           -0.2355746           -7.5423607           -0.2285589
 51544.0     59700.0000000000           -4955.966755            -447.889312            4912.006153            0.1104521           -7.5268680           -0.5734203
 51544.0     59760.0000000000           -4938.966618            -898.248173            4867.311540            0.4560230           -7.4798524           -0.9158802
 51544.0     59820.0000000000           -4901.281911           -1344.844941            4802.177185            0.7996982           -7.4015080           -1.2545077
 51544.0     59880.0000000000           -4843.069399           -1785.808941            4716.875590            1.1400453           -7.2921581           -1.5878872
 51544.0     59940.0000000000           -4764.571434           -2219.292749            4611.763581            1.4756449           -7.1522541           -1.9146244
 51544.0     60000.0000000000           -4666.114997           -2643.479836            4487.280883            1.8050961           -6.9823742           -2.2333515
 51544.0     60060.0000000000           -4548.110408           -3056.592105            4343.948344            2.1270229           -6.7832209           -2.5427328
 51544.0     60120.0000000000           -4411.049690           -3456.897288            4182.365844            2.4400788           -6.5556188           -2.8414706
 51544.0     60180.0000000000           -4255.504605           -3842.716174            4003.209867            2.7429533           -6.3005113           -3.1283102
 51544.0     60240.0000000000           -4082.124354           -4212.429648            3807.230754            3.0343765           -6.0189576           -3.4020450
 51544.0     60300.0000000000           -3891.632954           -4564.485495            3595.249651            3.3131251           -5.7121279           -3.6615224
 51544.0     60360.0000000000           -3684.826302           -4897.404964            3368.155148            3.5780275           -5.3812998           -3.9056478
 51544.0     60420.0000000000           -3462.568923           -5209.789030            3126.899626            3.8279685           -5.0278527           -4.1333900
 51544.0     60480.0000000000           -3225.790430           -5500.324360            2872.495331            4.0618944           -4.6532624           -4.3437855
 51544.0     60540.0000000000           -2975.481686           -5767.788930            2606.010171            4.2788180           -4.2590956           -4.5359431
 51544.0     60600.0000000000           -2712.690704           -6011.057272            2328.563273            4.4778223           -3.8470033           -4.7090475
 51544.0     60660.0000000000           -2438.518283           -6229.105328            2041.320299            4.6580654           -3.4187136           -4.8623633
 51544.0     60720.0000000000           -2154.113408           -6421.014881            1745.488554            4.8187836           -2.9760251           -4.9952383
 51544.0     60780.0000000000           -1860.668428           -6585.977546            1442.311894            4.9592957           -2.5207989           -5.1071068
 51544.0     60840.0000000000           -1559.414031           -6723.298285            1133.065466            5.0790054           -2.0549510           -5.1974919
 51544.0     60900.0000000000           -1251.614047           -6832.398444             819.050301            5.1774047           -1.5804434           -5.2660082
 51544.0     60960.0000000000            -938.560087           -6912.818278             501.587778            5.2540759           -1.0992762           -5.3123630
 51544.0     61020.0000000000            -621.566064           -6964.218965             182.013996            5.3086938           -0.6134786           -5.3363584
 51544.0     61080.0000000000            -301.962597           -6986.384087            -138.325930            5.3410267           -0.1251001           -5.3378920
 51544.0     61140.0000000000              18.908653           -6979.220568            -458.083610            5.3509384            0.3637988           -5.3169572
 51544.0     61200.0000000000             339.700702           -6942.759077            -775.913145            5.3383878            0.8511555           -5.2736434
 51544.0     61260.0000000000             659.066980           -6877.153874           -1090.476873            5.3034298            1.3349143           -5.2081357
 51544.0     61320.0000000000             975.667068           -6782.682126           -1400.451076            5.2462144            1.8130356           -5.1207137
 51544.0     61380.0000000000            1288.172400           -6659.742665           -1704.531629            5.1669865            2.2835049           -5.0117505
 51544.0     61440.0000000000            1595.271902           -6508.854229           -2001.439540            5.0660842            2.7443412           -4.8817106
 51544.0     61500.0000000000            1895.677548           -6330.653179           -2289.926382            4.9439372            3.1936063           -4.7311478
 51544.0     61560.0000000000            2188.129805           -6125.890697           -2568.779575            4.8010651            3.6294123           -4.5607028
 51544.0     61620.0000000000            2471.402935           -5895.429510           -2836.827500            4.6380745            4.0499302           -4.3710997
 51544.0     61680.0000000000            2744.310142           -5640.240129           -3092.944420            4.4556564            4.4533976           -4.1631432
 51544.0     61740.0000000000            3005.708536           -5361.396643           -3336.055196            4.2545827            4.8381255           -3.9377146
 51544.0     61800.0000000000            3254.503893           -5060.072083           -3565.139761            4.0357030            5.2025058           -3.6957677
 51544.0     61860.0000000000            3489.655196           -4737.533382           -3779.237359            3.7999406            5.5450176           -3.4383248
 51544.0     61920.0000000000            3710.178928           -4395.135956           -3977.450506            3.5482884            5.8642334           -3.1664721
 51544.0     61980.0000000000            3915.153129           -4034.317937           -4158.948687            3.2818044            6.1588245           -2.8813548
 51544.0     62040.0000000000            4103.721162           -3656.594079           -4322.971749            3.0016074            6.4275662           -2.5841723
 51544.0     62100.0000000000            4275.095215           -3263.549368           -4468.833001            2.7088719            6.6693429           -2.2761731
 51544.0     62160.0000000000            4428.559503           -2856.832368           -4595.922002            2.4048235            6.8831517           -1.9586494
 51544.0     62220.0000000000            4563.473168           -2438.148321           -4703.707028            2.0907333            7.0681067           -1.6329319
 51544.0     62280.0000000000            4679.272872           -2009.252043           -4791.737215            1.7679132            7.2234419           -1.3003844
 51544.0     62340.0000000000            4775.475071           -1571.940631           -4859.644368            1.4377102            7.3485144           -0.9623980
 51544.0     62400.0000000000            4851.677962           -1128.046018           -4907.144444            1.1015013            7.4428062           -0.6203855
 51544.0     62460.0000000000            4907.563110            -679.427403           -4934.038683            0.7606873            7.5059267           -0.2757760
 51544.0     62520.0000000000            4942.896728            -227.963573           -4940.214410            0.4166882            7.5376137            0.0699911
 51544.0     62580.0000000000            4957.530636             224.454835           -4925.645486            0.0709366            7.5377347            0.4154716
 51544.0     62640.0000000000            4951.402871             675.933132           -4890.392417           -0.2751273            7.5062871            0.7592224
 51544.0     62700.0000000000            4924.537954            1124.580378           -4834.602121           -0.6200617            7.4433984            1.0998073
 51544.0     62760.0000000000            4877.046823            1568.517184           -4758.507347           -0.9624288            7.3493261            1.4358024
 51544.0     62820.0000000000            4809.126414            2005.883472           -4662.425757           -1.3008007            7.2244562            1.7658021
 51544.0     62880.0000000000            4721.058901            2434.846174           -4546.758660           -1.6337651            7.0693027            2.0884247
 51544.0     62940.0000000000            4613.210597            2853.606829           -4411.989410           -1.9599306            6.8845050            2.4023179
 51544.0     63000.0000000000            4486.030508            3260.409071           -4258.681474           -2.2779331            6.6708263            2.7061645
 51544.0     63060.0000000000            4340.048553            3653.545958           -4087.476164           -2.5864405            6.4291504            2.9986879
 51544.0     63120.0000000000            4175.873450            4031.367123           -3899.090046           -2.8841592            6.1604787            3.2786571
 51544.0     63180.0000000000            3994.190265            4392.285720           -3694.312036           -3.1698387            5.8659265            3.5448922
 51544.0     63240.0000000000            3795.757649            4734.785122           -3474.000176           -3.4422776            5.5467186            3.7962697
 51544.0     63300.0000000000            3581.404754            5057.425365           -3239.078129           -3.7003282            5.2041846            4.0317267
 51544.0     63360.0000000000            3352.027840            5358.849281           -2990.531367           -3.9429020            4.8397539            4.2502664
 51544.0     63420.0000000000            3108.586591            5637.788308           -2729.403097           -4.1689741            4.4549498            4.4509619
 51544.0     63480.0000000000            2852.100153            5893.067951           -2456.789921           -4.3775882            4.0513832            4.6329609
 51544.0     63540.0000000000            2583.642894            6123.612846           -2173.837260           -4.5678605            3.6307466            4.7954891
 51544.0     63600.0000000000            2304.339921            6328.451428           -1881.734540           -4.7389841            3.1948063            4.9378545
 51544.0     63660.0000000000            2015.362364            6506.720157           -1581.710186           -4.8902325            2.7453955            5.0594497
 51544.0     63720.0000000000            1717.922439            6657.667282           -1275.026426           -5.0209630            2.2844061            5.1597556
 51544.0     63780.0000000000            1413.268330            6780.656138            -962.973931           -5.1306200            1.8137807            5.2383437
 51544.0     63840.0000000000            1102.678893            6875.167931            -646.866326           -5.2187372            1.3355045            5.2948777
 51544.0     63900.0000000000             787.458224            6940.804016            -328.034588           -5.2849398            0.8515959            5.3291158
 51544.0     63960.0000000000             468.930100            6977.287648              -7.821352           -5.3289466            0.3640982            5.3409112
 51544.0     64020.0000000000             148.432334            6984.465195             312.424825           -5.3505713           -0.1249296            5.3302134
 51544.0     64080.0000000000            -172.688935            6962.306801             631.355244           -5.3497229           -0.6134222            5.2970682
 51544.0     64140.0000000000            -493.084993            6910.906507             947.626835           -5.3264065           -1.0993165            5.2416174
 51544.0     64200.0000000000            -811.410310            6830.481821            1259.907902           -5.2807230           -1.5805615            5.1640982
 51544.0     64260.0000000000           -1126.328275            6721.372745            1566.883819           -5.2128687           -2.0551267            5.0648421
 51544.0     64320.0000000000           -1436.516890            6584.040257            1867.262635           -5.1231342           -2.5210114            4.9442731
 51544.0     64380.0000000000           -1740.674387            6419.064271            2159.780573           -5.0119030           -2.9762532            4.8029061
 51544.0     64440.0000000000           -2037.524749            6227.141073            2443.207399           -4.8796496           -3.4189368            4.6413437
 51544.0     64500.0000000000           -2325.823099            6009.080262            2716.351619           -4.7269371           -3.8472019            4.4602742
 51544.0     64560.0000000000           -2604.360943            5765.801205            2978.065510           -4.5544146           -4.2592512            4.2604677
 51544.0     64620.0000000000           -2871.971243            5498.329025            3227.249930           -4.3628143           -4.6533578            4.0427730
 51544.0     64680.0000000000           -3127.533288            5207.790154            3462.858918           -4.1529478           -5.0278728            3.8081132
 51544.0     64740.0000000000           -3369.977361            4895.407469            3683.904041           -3.9257026           -5.3812316            3.5574821
 51544.0     64800.0000000000           -3598.289166            4562.495031            3889.458490           -3.6820379           -5.7119602            3.2919392
 51544.0     64860.0000000000           -3811.514010            4210.452464            4078.660894           -3.4229804           -6.0186813            3.0126056
 51544.0     64920.0000000000           -4008.760723            3840.758997            4250.718853           -3.1496202           -6.3001197            2.7206584
 51544.0     64980.0000000000           -4189.205298            3454.967197            4404.912170           -2.8631051           -6.5551069            2.4173263
 51544.0     65040.0000000000           -4352.094244            3054.696416            4540.595777           -2.5646370           -6.7825857            2.1038840
 51544.0     65100.0000000000           -4496.747641            2641.625995            4657.202336           -2.2554656           -6.9816144            1.7816471
 51544.0     65160.0000000000           -4622.561885            2217.488236            4754.244528           -1.9368841           -7.1513699            1.4519662
 51544.0     65220.0000000000           -4729.012123            1784.061184            4831.317001           -1.6102234           -7.2911509            1.1162220
 51544.0     65280.0000000000           -4815.654356            1343.161241            4888.097988           -1.2768469           -7.4003806            0.7758192
 51544.0     65340.0000000000           -4882.127229             896.635639            4924.350590           -0.9381450           -7.4786084            0.4321810
 51544.0     65400.0000000000           -4928.153474             446.354808            4939.923711           -0.5955294           -7.5255119            0.0867433
 51544.0     65460.0000000000           -4953.541027              -5.795348            4934.752655           -0.2504276           -7.5408978           -0.2590508
 51544.0     65520.0000000000           -4958.183806            -457.921222            4908.859375            0.0957229           -7.5247028           -0.6037570
 51544.0     65580.0000000000           -4942.062141            -908.129311            4862.352384            0.4414802           -7.4769936           -0.9459352
 51544.0     65640.0000000000           -4905.242870           -1354.534018            4795.426314            0.7854034           -7.3979670           -1.2841558
 51544.0     65700.0000000000           -4847.879086           -1795.265433            4708.361135            1.1260592           -7.2879489           -1.6170048
 51544.0     65760.0000000000           -4770.209544           -2228.477057            4601.521039            1.4620266           -7.1473936           -1.9430898
 51544.0     65820.0000000000           -4672.557720           -2652.353445            4475.352968            1.7919034           -6.9768816           -2.2610456
 51544.0     65880.0000000000           -4555.330539           -3065.117740            4330.384828            2.1143112           -6.7771182           -2.5695397
 51544.0     65940.0000000000           -4419.016748           -3465.039067            4167.223356            2.4279017           -6.5489305           -2.8672777
 51544.0     66000.0000000000           -4264.184971           -3850.439758            3986.551668            2.7313618           -6.2932645           -3.1530090
 51544.0     66060.0000000000           -4091.481419           -4219.702389            3789.126484            3.0234192           -6.0111815           -3.4255316
 51544.0     66120.0000000000           -3901.627282           -4571.276580            3575.775048            3.3028477           -5.7038543           -3.6836975
 51544.0     66180.0000000000           -3695.415801           -4903.685549            3347.391740            3.5684727           -5.3725626           -3.9264177
 51544.0     66240.0000000000           -3473.709032           -5215.532374            3104.934399            3.8191759           -5.0186880           -4.1526666
 51544.0     66300.0000000000           -3237.434305           -5505.505948            2849.420368            4.0539005           -4.6437083           -4.3614870
 51544.0     66360.0000000000           -2987.580405           -5772.386588            2581.922274            4.2716556           -4.2491922           -4.5519942
 51544.0     66420.0000000000           -2725.193475           -6015.051276            2303.563556            4.4715209           -3.8367920           -4.7233797
 51544.0     66480.0000000000           -2451.372655           -6232.478501            2015.513766            4.6526507           -3.4082377           -4.8749154
 51544.0     66540.0000000000           -2167.265495           -6423.752679            1718.983656            4.8142778           -2.9653292           -5.0059567
 51544.0     66600.0000000000           -1874.063130           -6588.068133            1415.220069            4.9557171           -2.5099288           -5.1159456
 51544.0     66660.0000000000           -1572.995262           -6724.732595            1105.500665            5.0763685           -2.0439531           -5.2044133
 51544.0     66720.0000000000           -1265.324967           -6833.170230             791.128501            5.1757201           -1.5693650           -5.2709825
 51544.0     66780.0000000000            -952.343335           -6912.924146             473.426485            5.2533504           -1.0881652           -5.3153689
 51544.0     66840.0000000000            -635.363989           -6963.658398             153.731743            5.3089302           -0.6023831           -5.3373831
 51544.0     66900.0000000000            -315.717495           -6985.159446            -166.610096            5.3422240           -0.1140679           -5.3369311
 51544.0     66960.0000000000               5.254305           -6977.337088            -486.250638            5.3530916            0.3747200           -5.3140149
 51544.0     67020.0000000000             326.204012           -6940.224838            -803.844491            5.3414881            0.8619185           -5.2687324
 51544.0     67080.0000000000             645.784410           -6873.979769           -1118.055011            5.3074644            1.3454726           -5.2012772
 51544.0     67140.0000000000             962.654204           -6778.881802           -1427.560003            5.2511669            1.8233438           -5.1119373
 51544.0     67200.0000000000            1275.483725           -6655.332460           -1731.057356            5.1728366            2.2935188           -5.0010938
 51544.0     67260.0000000000            1582.960572           -6503.853091           -2027.270585            5.0728079            2.7540181           -4.8692194
 51544.0     67320.0000000000            1883.795175           -6325.082572           -2314.954238            4.9515071            3.2029050           -4.7168756
 51544.0     67380.0000000000            2176.726240           -6119.774499           -2592.899171            4.8094500            3.6382936           -4.5447105
 51544.0     67440.0000000000            2460.526064           -5888.793896           -2859.937642            4.6472400            4.0583568           -4.3534555
 51544.0     67500.0000000000            2734.005682           -5633.113448           -3114.948217            4.4655647            4.4613343           -4.1439223
 51544.0     67560.0000000000            2996.019842           -5353.809283           -3356.860459            4.2651928            4.8455395           -3.9169985
 51544.0     67620.0000000000            3245.471773           -5052.056330           -3584.659387            4.0469711            5.2093667           -3.6736443
 51544.0     67680.0000000000            3481.317733           -4729.123273           -3797.389686            3.8118198            5.5512975           -3.4148877
 51544.0     67740.0000000000            3702.571319           -4386.367125           -3994.159650            3.5607292            5.8699069           -3.1418201
 51544.0     67800.0000000000            3908.307523           -4025.227460           -4174.144844            3.2947549            6.1638689           -2.8555917
 51544.0     67860.0000000000            4097.666524           -3647.220310           -4336.591479            3.0150133            6.4319617           -2.5574063
 51544.0     67920.0000000000            4269.857193           -3253.931778           -4480.819484            2.7226770            6.6730721           -2.2485165
 51544.0     67980.0000000000            4424.160311           -2847.011376           -4606.225260            2.4189696            6.8862003           -1.9302180
 51544.0     68040.0000000000            4559.931486           -2428.165131           -4712.284123            2.1051608            7.0704630           -1.6038446
 51544.0     68100.0000000000            4676.603760           -1999.148472           -4798.552419            1.7825611            7.2250970           -1.2707626
 51544.0     68160.0000000000            4773.689895           -1561.758947           -4864.669306            1.4525165            7.3494622           -0.9323651
 51544.0     68220.0000000000            4850.784344           -1117.828769           -4910.358198            1.1164031            7.4430435           -0.5900666
 51544.0     68280.0000000000            4907.564886            -669.217251           -4935.427880            0.7756214            7.5054529           -0.2452974
 51544.0     68340.0000000000            4943.793933            -217.803131           -4939.773269            0.4315911            7.5364311            0.1005026
 51544.0     68400.0000000000            4959.319497             234.523173           -4923.375841            0.0857450            7.5358482            0.4458890
 51544.0     68460.0000000000            4954.075824             685.867349           -4886.303714           -0.2604764            7.5037044            0.7894192
 51544.0     68520.0000000000            4928.083676            1134.338998           -4828.711377           -0.6056306            7.4401299            1.1296577
 51544.0     68580.0000000000            4881.450281            1578.059436           -4750.839086           -0.9482788            7.3453847            1.4651820
 51544.0     68640.0000000000            4814.368933            2015.169443           -4653.011914           -1.2869919            7.2198577            1.7945883
 51544.0     68700.0000000000            4727.118248            2443.836970           -4535.638454           -1.6203559            7.0640653            2.1164973
 51544.0     68760.0000000000            4620.061079            2862.264728           -4399.209196           -1.9469779            6.8786495            2.4295595
 51544.0     68820.0000000000            4493.643088            3268.697677           -4244.294556           -2.2654914            6.6643761            2.7324610
 51544.0     68880.0000000000            4348.390981            3661.430350           -4071.542583           -2.5745624            6.4221312            3.0239288
 51544.0     68940.0000000000            4184.910405            4038.813999           -3881.676346           -2.8728945            6.1529189            3.3027362
 51544.0     69000.0000000000            4003.883513            4399.263539           -3675.490990           -3.1592346            5.8578565            3.5677081
 51544.0     69060.0000000000            3806.066212            4741.264248           -3453.850501           -3.4323784            5.5381712            3.8177258
 51544.0     69120.0000000000            3592.285091            5063.378190           -3217.684159           -3.6911750            5.1951947            4.0517323
 51544.0     69180.0000000000            3363.434033            5364.250355           -2967.982714           -3.9345327            4.8303585            4.2687365
 51544.0     69240.0000000000            3120.470552            5642.614460           -2705.794279           -4.1614233            4.4451877            4.4678180
 51544.0     69300.0000000000            2864.411823            5897.298395           -2432.219973           -4.3708869            4.0412953            4.6481310
 51544.0     69360.0000000000            2596.330461            6127.229285           -2148.409319           -4.5620361            3.6203750            4.8089085
 51544.0     69420.0000000000            2317.350041            6331.438147           -1855.555416           -4.7340603            3.1841947            4.9494656
 51544.0     69480.0000000000            2028.640381            6509.064102           -1554.889908           -4.8862293            2.7345889            5.0692027
 51544.0     69540.0000000000            1731.412619            6659.358131           -1247.677779           -5.0178965            2.2734505            5.1676086
 51544.0     69600.0000000000            1426.914089            6781.686355            -935.211976           -5.1285023            1.8027231            5.2442627
 51544.0     69660.0000000000            1116.423035            6875.532813            -618.807907           -5.2175765            1.3243923            5.2988373
 51544.0     69720.0000000000             801.243170            6940.501721            -299.797832           -5.2847406            0.8404769            5.3310986
 51544.0     69780.0000000000             482.698130            6976.319212              20.474835           -5.3297094            0.3530205            5.3409086
 51544.0     69840.0000000000             162.125819            6982.834530             340.661275           -5.3522925           -0.1359182            5.3282254
 51544.0     69900.0000000000            -159.127297            6960.020683             659.413035           -5.3523951           -0.6242741            5.2931031
 51544.0     69960.0000000000            -479.711947            6907.974547             975.387804           -5.3300185           -1.1099848            5.2356920
 51544.0     70020.0000000000            -798.281807            6826.916424            1287.255156           -5.2852597           -1.5910001            5.1562380
 51544.0     70080.0000000000           -1113.499251            6717.189047            1593.702234           -5.2183112           -2.0652906            5.0550806
 51544.0     70140.0000000000           -1424.041038            6579.256058            1893.439349           -5.1294601           -2.5308569            4.9326522
 51544.0     70200.0000000000           -1728.603941            6413.699947            2185.205471           -5.0190860           -2.9857382            4.7894754
 51544.0     70260.0000000000           -2025.910265            6221.219480            2467.773577           -4.8876601           -3.4280209            4.6261606
 51544.0     70320.0000000000           -2314.713250            6002.626627            2739.955842           -4.7357419           -3.8558464            4.4434035
 51544.0     70380.0000000000           -2593.802316            5758.843004            3000.608642           -4.5639775           -4.2674197            4.2419813
 51544.0     70440.0000000000           -2862.008143            5490.895856            3248.637355           -4.3730955           -4.6610161            4.0227494
 51544.0     70500.0000000000           -3118.207553            5199.913597            3483.000929           -4.1639048           -5.0349891            3.7866376
 51544.0     70560.0000000000           -3361.328183            4887.120941            3702.716215           -3.9372897           -5.3877764            3.5346454
 51544.0     70620.0000000000           -3590.352923            4553.833631            3906.862032           -3.6942070           -5.7179068            3.2678380
 51544.0     70680.0000000000           -3804.324109            4201.452820            4094.582961           -3.4356807           -6.0240057            2.9873416
 51544.0     70740.0000000000           -4002.347454            3831.459101            4265.092847           -3.1627985           -6.3048004            2.6943380
 51544.0     70800.0000000000           -4183.595698            3445.406239            4417.678011           -2.8767064           -6.5591254            2.3900603
 51544.0     70860.0000000000           -4347.311978            3044.914618            4551.700135           -2.5786039           -6.7859262            2.0757867
 51544.0     70920.0000000000           -4492.812896            2631.664441            4666.598851           -2.2697394           -6.9842639            1.7528362
 51544.0     70980.0000000000           -4619.491274            2207.388701            4761.893987           -1.9514046           -7.1533183            1.4225622
 51544.0     71040.0000000000           -4726.818611            1773.865965            4837.187491           -1.6249292           -7.2923910            1.0863478
 51544.0     71100.0000000000           -4814.347197            1332.912984            4892.165026           -1.2916758           -7.4009079            0.7455993
 51544.0     71160.0000000000           -4881.711921             886.377173            4926.597210           -0.9530340           -7.4784213            0.4017414
 51544.0     71220.0000000000           -4928.631731             436.128974            4940.340533           -0.6104154           -7.5246116            0.0562108
 51544.0     71280.0000000000           -4954.910769             -15.945863            4933.337917           -0.2652472           -7.5392883           -0.2895491
 51544.0     71340.0000000000           -4960.439163            -467.954052            4905.618942            0.0810326           -7.5223908           -0.6340941
 51544.0     71400.0000000000           -4945.193479            -918.002573            4857.299719            0.4269815           -7.4739885           -0.9759849
 51544.0     71460.0000000000           -4909.236830           -1364.206476            4788.582427            0.7711582           -7.3942808           -1.3137928
 51544.0     71520.0000000000           -4852.718644           -1804.696656            4699.754500            1.1121279           -7.2835965           -1.6461056
 51544.0     71580.0000000000           -4775.874085           -2237.627577            4591.187476            1.4484683           -7.1423923           -1.9715331
 51544.0     71640.0000000000           -4679.023130           -2661.184912            4463.335510            1.7787755           -6.9712513           -2.2887126
 51544.0     71700.0000000000           -4562.569312           -3073.593074            4316.733543            2.1016693           -6.7708814           -2.5963146
 51544.0     71760.0000000000           -4426.998111           -3473.122608            4151.995153            2.4157992           -6.5421120           -2.8930484
 51544.0     71820.0000000000           -4272.875019           -3858.097413            3969.810067            2.7198497           -6.2858915           -3.1776673
 51544.0     71880.0000000000           -4100.843267           -4226.901771            3770.941365            3.0125458           -6.0032838           -3.4489737
 51544.0     71940.0000000000           -3911.621230           -4577.987149            3556.222369            3.2926585           -5.6954637           -3.7058247
 51544.0     72000.0000000000           -3705.999506           -4909.878740            3326.553228            3.5590102           -5.3637132           -3.9471364
 51544.0     72060.0000000000           -3484.837698           -5221.181729            3082.897220            3.8104794           -5.0094158           -4.1718892
 51544.0     72120.0000000000           -3249.060877           -5510.587233            2826.276771            4.0460059           -4.6340514           -4.3791319
 51544.0     72180.0000000000           -2999.655776           -5776.877908            2557.769209            4.2645954           -4.2391904           -4.5679862
 51544.0     72240.0000000000           -2737.666694           -6018.933176            2278.502275            4.4653240           -3.8264869           -4.7376507
 51544.0     72300.0000000000           -2464.191150           -6235.734067            1989.649402            4.6473423           -3.3976724           -4.8874043
 51544.0     72360.0000000000           -2180.375293           -6426.367620            1692.424780            4.8098794           -2.9545480           -5.0166099
 51544.0     72420.0000000000           -1887.409088           -6590.030857            1388.078235            4.9522461           -2.4989772           -5.1247174
 51544.0     72480.0000000000           -1586.521299           -6726.034273            1077.889940            5.0738388           -2.0328776           -5.2112657
 51544.0     72540.0000000000           -1278.974295           -6833.804845             763.164978            5.1741414           -1.5582130           -5.2758858
 51544.0     72600.0000000000            -966.058697           -6912.888533             445.227790            5.2527286           -1.0769843           -5.3183018
 51544.0     72660.0000000000            -649.087895           -6962.952265             125.416530            5.3092672           -0.5912213           -5.3383326
 51544.0     72720.0000000000            -329.392458           -6983.785387            -194.922650            5.3435178           -0.1029734           -5.3358929
 51544.0     72780.0000000000              -8.314465           -6975.300576            -514.441348            5.3553363            0.3856993           -5.3109930
 51544.0     72840.0000000000             312.798213           -6937.534208            -831.794675            5.3446739            0.8727352           -5.2637395
 51544.0     72900.0000000000             632.597661           -6870.646181           -1145.646997            5.3115777            1.3560800           -5.1943344
 51544.0     72960.0000000000             949.741652           -6774.919194           -1454.677639            5.2561904            1.8336961           -5.1030741
 51544.0     73020.0000000000            1262.899364           -6650.757487           -1757.586507            5.1787491            2.3035713           -4.9903479
 51544.0     73080.0000000000            1570.757023           -6498.685047           -2053.099618            5.0795848            2.7637275           -4.8566364
 51544.0     73140.0000000000            1872.023471           -6319.343299           -2339.974505            4.9591201            3.2122297           -4.7025092
 51544.0     73200.0000000000            2165.435619           -6113.488287           -2617.005465            4.8178676            3.6471936           -4.5286219
 51544.0     73260.0000000000            2449.763764           -5881.987370           -2883.028647            4.6564271            4.0667944           -4.3357131
 51544.0     73320.0000000000            2723.816747           -5625.815440           -3136.926933            4.4754832            4.4692736           -4.1246015
 51544.0     73380.0000000000            2986.446937           -5346.050701           -3377.634609            4.2758015            4.8529472           -3.8961813
 51544.0     73440.0000000000            3236.555003           -5043.870015           -3604.141805            4.0582259            5.2162118           -3.6514189
 51544.0     73500.0000000000            3473.094474           -4720.543847           -3815.498673            3.8236739            5.5575516           -3.3913482
 51544.0     73560.0000000000            3695.076058           -4377.430838           -4010.819316            3.5731332            5.8755442           -3.1170659
 51544.0     73620.0000000000            3901.571712           -4015.972022           -4189.285414            3.3076570            6.1688664           -2.8297272
 51544.0     73680.0000000000            4091.718441           -3637.684730           -4350.149581            3.0283596            6.4362992           -2.5305404
 51544.0     73740.0000000000            4264.721817           -3244.156191           -4492.738400            2.7364115            6.6767322           -2.2207620
 51544.0     73800.0000000000            4419.859215           -2837.036874           -4616.455156            2.4330346            6.8891686           -1.9016915
 51544.0     73860.0000000000            4556.482734           -2418.033587           -4720.782248            2.1194972            7.0727278           -1.5746655
 51544.0     73920.0000000000            4674.021827           -1988.902367           -4805.283271            1.7971084            7.2266497           -1.2410530
 51544.0     73980.0000000000            4771.985599           -1551.441193           -4869.604770            1.4672134            7.3502971           -0.9022492
 51544.0     74040.0000000000            4849.964793           -1107.482541           -4913.477662            1.1311873            7.4431576           -0.5596702
 51544.0     74100.0000000000            4907.633443            -658.885807           -4936.718305            0.7904304            7.5048463           -0.2147471
 51544.0     74160.0000000000            4944.750196            -207.529644           -4939.229244            0.4463619            7.5351065            0.1310794
 51544.0     74220.0000000000            4961.159298             244.695783           -4920.999603            0.1004150            7.5338114            0.4763649
 51544.0     74280.0000000000            4956.791242             695.896587           -4882.105129           -0.2459695            7.5009638            0.8196672
 51544.0     74340.0000000000            4931.663068            1144.182958           -4822.707908           -0.5913485            7.4366966            1.1595517
 51544.0     74400.0000000000            4885.878335            1587.676961           -4743.055719           -0.9342822            7.3412727            1.4945973
 51544.0     74460.0000000000            4819.626727            2024.520291           -4643.481056           -1.2733403            7.2150835            1.8234024
 51544.0     74520.0000000000            4733.183339            2452.881965           -4524.399809           -1.6071072            7.0586479            2.1445897
 51544.0     74580.0000000000            4626.907597            2870.965923           -4386.309601           -1.9341883            6.8726107            2.4568128
 51544.0     74640.0000000000            4501.241853            3277.018497           -4229.787798           -2.2532150            6.6577399            2.7587611
 51544.0     74700.0000000000            4356.709631            3669.335742           -4055.489185           -2.5628511            6.4149244            3.0491653
 51544.0     74760.0000000000            4193.913537            4046.270579           -3864.143321           -2.8617977            6.1451703            3.3268032
 51544.0     74820.0000000000            4013.532844            4406.239728           -3656.551576           -3.1487990            5.8495974            3.5905042
 51544.0     74880.0000000000            3816.320747            4747.730404           -3433.583863           -3.4226476            5.5294349            3.8391549
 51544.0     74940.0000000000            3603.101301            5069.306740           -3196.175069           -3.6821897            5.1860168            4.0717037
 51544.0     75000.0000000000            3374.766051            5369.615916           -2945.321203           -3.9263303            4.8207765            4.2871656
 51544.0     75060.0000000000            3132.270368            5647.393953           -2682.075272           -4.1540378            4.4352409            4.4846264
 51544.0     75120.0000000000            2876.629498            5901.471153           -2407.542895           -4.3643486            4.0310246            4.6632471
 51544.0     75180.0000000000            2608.914341            6130.777154           -2122.877682           -4.5563718            3.6098232            4.8222676
 51544.0     75240.0000000000            2330.246977            6334.345570           -1829.276391           -4.7292930            3.1734058            4.9610105
 51544.0     75300.0000000000            2041.795961            6511.318204           -1527.973874           -4.8823781            2.7236081            5.0788838
 51544.0     75360.0000000000            1744.771395            6660.948785           -1220.237859           -5.0149767            2.2623242            5.1753841
 51544.0     75420.0000000000            1440.419814            6782.606239            -907.363557           -5.1265254            1.7914984            5.2500989
 51544.0     75480.0000000000            1130.018896            6875.777452            -590.668153           -5.2165498            1.3131169            5.3027087
 51544.0     75540.0000000000             814.872029            6940.069521            -271.485184           -5.2846677            0.8291991            5.3329882
 51544.0     75600.0000000000             496.302756            6975.211476              48.841169           -5.3305897            0.3417885            5.3408078
 51544.0     75660.0000000000             175.649128            6981.055459             368.961823           -5.3541217           -0.1470560            5.3261341
 51544.0     75720.0000000000            -145.742008            6957.577370             687.528581           -5.3551649           -0.6352698            5.2890298
 51544.0     75780.0000000000            -466.520768            6904.876949            1003.199897           -5.3337167           -1.1207909            5.2296538
 51544.0     75840.0000000000            -785.339987            6823.177318            1314.646618           -5.2898704           -1.6015700            5.1482602
 51544.0     75900.0000000000           -1100.860971            6712.823982            1620.557664           -5.2238149           -2.0755786            5.0451970
 51544.0     75960.0000000000           -1411.759191            6574.283284            1919.645619           -5.1358333           -2.5408187            4.9209048
 51544.0     76020.0000000000           -1716.729917            6408.140333            2210.652209           -5.0263021           -2.9953308            4.7759140
 51544.0     76080.0000000000           -2014.493741            6215.096419            2492.353638           -4.8956887           -3.4372031            4.6108430
 51544.0     76140.0000000000           -2303.801987            5995.965930            2763.565767           -4.7445495           -3.8645790            4.4263947
 51544.0     76200.0000000000           -2583.441961            5751.672780            3023.149094           -4.5735271           -4.2756653            4.2233536
 51544.0     76260.0000000000           -2852.242045            5483.246384            3270.013538           -4.3833475           -4.6687398            4.0025819
 51544.0     76320.0000000000           -3109.076579            5191.817186            3503.122988           -4.1748162           -5.0421581            3.7650158
 51544.0     76380.0000000000           -3352.870550            4878.611783            3721.499612           -3.9488152           -5.3943608            3.5116609
 51544.0     76440.0000000000           -3582.604038            4544.947647            3924.227895           -3.7062983           -5.7238790            3.2435881
 51544.0     76500.0000000000           -3797.316418            4192.227498            4110.458409           -3.4482873           -6.0293409            2.9619286
 51544.0     76560.0000000000           -3996.110303            3821.933329            4279.411295           -3.1758677           -6.3094768            2.6678692
 51544.0     76620.0000000000           -4178.155207            3435.620135            4430.379431           -2.8901833           -6.5631238            2.3626471
 51544.0     76680.0000000000           -4342.690928            3034.909358            4562.731309           -2.5924321           -6.7892305            2.0475445
 51544.0     76740.0000000000           -4489.030624            2621.482077            4675.913577           -2.2838607           -6.9868610            1.7238835
 51544.0     76800.0000000000           -4616.563594            2197.071988            4769.453266           -1.9657596           -7.1551980            1.3930205
 51544.0     76860.0000000000           -4724.757733            1763.458179            4842.959682           -1.6394574           -7.2935460            1.0563407
 51544.0     76920.0000000000           -4813.161678            1322.457747            4896.125966           -1.3063158           -7.4013341            0.7152524
 51544.0     76980.0000000000           -4881.406616             875.918272            4928.730312           -0.9677241           -7.4781173            0.3711815
 51544.0     77040.0000000000           -4929.207775             425.710184            4940.636844           -0.6250932           -7.5235791            0.0255656
 51544.0     77100.0000000000           -4956.365561             -26.280952            4931.796155           -0.2798507           -7.5375318           -0.3201517
 51544.0     77160.0000000000           -4962.766379            -478.162210            4902.245492            0.0665655           -7.5199177           -0.6645265
 51544.0     77220.0000000000           -4948.383092            -928.041100            4852.108610            0.4127122           -7.4708091           -1.0061200
 51544.0     77280.0000000000           -4913.275154           -1374.033370            4781.595271            0.7571472           -7.3904082           -1.3435050
 51544.0     77340.0000000000           -4857.588390           -1814.270779            4691.000403            1.0984346           -7.2790463           -1.6752709
 51544.0     77400.0000000000           -4781.554433           -2246.908817            4580.702922            1.4351510           -7.1371830           -2.0000296
 51544.0     77460.0000000000           -4685.489824           -2670.134340            4451.164211            1.7658906           -6.9654039           -2.3164212
 51544.0     77520.0000000000           -4569.794761           -3082.173100            4302.926266            2.0892714           -6.7644195           -2.6231195
 51544.0     77580.0000000000           -4434.951513           -3481.297130            4136.609514            2.4039407           -6.5350616           -2.9188372
 51544.0     77640.0000000000           -4281.522492           -3865.831967            3952.910300            2.7085806           -6.2782812           -3.2023318
 51544.0     77700.0000000000           -4110.148004           -4234.163668            3752.598060            3.0019137           -5.9951442           -3.4724103
 51544.0     77760.0000000000           -3921.543654           -4584.745613            3536.512190            3.2827081           -5.6868279           -3.7279346
 51544.0     77820.0000000000           -3716.497452           -4916.105040            3305.558600            3.5497832           -5.3546162           -3.9678264
 51544.0     77880.0000000000           -3495.866591           -5226.849300            3060.705992            3.8020143           -4.9998948           -4.1910718
 51544.0     77940.0000000000           -3260.573930           -5515.671796            2802.981856            4.0383379           -4.6241454           -4.3967258
 51544.0     78000.0000000000           -3011.604193           -5781.357578            2533.468204            4.2577563           -4.2289402           -4.5839167
 51544.0     78060.0000000000           -2749.999883           -6022.788564            2253.297057            4.4593418           -3.8159349           -4.7518499
 51544.0     78120.0000000000           -2476.856941           -6238.948370            1963.645701            4.6422416           -3.3868623           -4.8998116
 51544.0     78180.0000000000           -2193.320161           -6428.926707            1665.731744            4.8056807           -2.9435251           -5.0271722
 51544.0     78240.0000000000           -1900.578383           -6591.923337            1360.807968            4.9489664           -2.4877876           -5.1333892
 51544.0     78300.0000000000           -1599.859478           -6727.251558            1050.157032            5.0714909           -2.0215686           -5.2180097
 51544.0     78360.0000000000           -1292.425156           -6834.341196             735.086021            5.1727344           -1.5468323           -5.2806726
 51544.0     78420.0000000000            -979.565619           -6912.741100             416.920882            5.2522675           -1.0655803           -5.3211105
 51544.0     78480.0000000000            -662.594068           -6962.121106              97.000775            5.3097531           -0.5798426           -5.3391508
 51544.0     78540.0000000000            -342.841126           -6982.273479            -223.327652            5.3449480           -0.0916686           -5.3347163
 51544.0     78600.0000000000             -21.649156           -6973.113810            -542.716010            5.3577039            0.3968818           -5.3078263
 51544.0     78660.0000000000             299.633452           -6934.681372            -859.819936            5.3479684            0.8837472           -5.2585957
 51544.0     78720.0000000000             619.658030           -6867.138925           -1173.304834            5.3157848            1.3668742           -5.1872350
 51544.0     78780.0000000000             937.081381           -6770.771984           -1481.851568            5.2612919            1.8442261           -5.0940489
 51544.0     78840.0000000000            1250.571483           -6645.987544           -1784.162084            5.1847233            2.3137916           -4.9794350
 51544.0     78900.0000000000            1558.813148           -6493.312274           -2078.964931            5.0864063            2.7735943           -4.8438821
 51544.0     78960.0000000000            1860.513596           -6313.390190           -2365.020646            4.9667601            3.2217005           -4.6879675
 51544.0     79020.0000000000            2154.407907           -6106.979829           -2641.127002            4.8262940            3.6562278           -4.5123543
 51544.0     79080.0000000000            2439.264352           -5874.950931           -2906.124065            4.6656045            4.0753533           -4.3177888
 51544.0     79140.0000000000            2713.889560           -5618.280643           -3158.899068            4.4853732            4.4773207           -4.1050963
 51544.0     79200.0000000000            2977.133500           -5338.049294           -3398.391056            4.2863627            4.8604483           -3.8751779
 51544.0     79260.0000000000            3227.894276           -5035.435724           -3623.595305            4.0694141            5.2231351           -3.6290062
 51544.0     79320.0000000000            3465.122685           -4711.712228           -3833.567484            3.8354424            5.5638679           -3.3676208
 51544.0     79380.0000000000            3687.826556           -4368.239114           -4027.427542            3.5854327            5.8812271           -3.0921242
 51544.0     79440.0000000000            3895.074823           -4006.458924           -4204.363331            3.3204360            6.1738923           -2.8036764
 51544.0     79500.0000000000            4086.001341           -3627.890322           -4363.633914            3.0415645            6.4406471           -2.5034903
 51544.0     79560.0000000000            4259.808414           -3234.121696           -4504.572587            2.7499871            6.6803845           -2.1928265
 51544.0     79620.0000000000            4415.770045           -2826.804496           -4626.589576            2.4469239            6.8921102           -1.8729879
 51544.0     79680.0000000000            4553.234873           -2407.646332           -4729.174420            2.1336417            7.0749470           -1.5453145
 51544.0     79740.0000000000            4671.628814           -1978.403860           -4811.898027            1.8114488            7.2281377           -1.2111776
 51544.0     79800.0000000000            4770.457372           -1540.875498           -4874.414395            1.4816891            7.3510480           -0.8719746
 51544.0     79860.0000000000            4849.307647           -1096.893973           -4916.461997            1.1457373            7.4431688           -0.5291231
 51544.0     79920.0000000000            4907.849994            -648.318756           -4937.864833            0.8049933            7.5041181           -0.1840553
 51544.0     79980.0000000000            4945.839369            -197.028390           -4938.533133            0.4608761            7.5336423            0.1617875
 51544.0     80040.0000000000            4963.116327             255.087247           -4918.463722            0.1148191            7.5316173            0.5069610
 51544.0     80100.0000000000            4959.607684             706.134732           -4877.740038           -0.2317366            7.4980490            0.8500235
 51544.0     80160.0000000000            4935.326841            1154.224893           -4816.531808           -0.5773470            7.4330733            1.1895413
 51544.0     80220.0000000000            4890.373762            1597.480605           -4735.094381           -0.9205716            7.3369557            1.5240949
 51544.0     80280.0000000000            4824.934608            2034.044539           -4633.767713           -1.2599787            7.2100904            1.8522846
 51544.0     80340.0000000000            4739.281024            2462.086855           -4512.975021           -1.5941513            7.0529992            2.1727357
 51544.0     80400.0000000000            4633.769091            2879.812791           -4373.221092           -1.9216929            6.8663294            2.4841048
 51544.0     80460.0000000000            4508.837923            3285.470138           -4215.090262           -2.2412332            6.6508515            2.7850846
 51544.0     80520.0000000000            4365.007933            3677.356558           -4039.244065           -2.5514335            6.4074569            3.0744099
 51544.0     80580.0000000000            4202.878759            4053.826724           -3846.418558           -2.8509925            6.1371541            3.3508628
 51544.0     80640.0000000000            4023.126859            4413.299250           -3637.421335           -3.1386518            5.8410651            3.6132775
 51544.0     80700.0000000000            3826.502776            4754.263377           -3413.128228           -3.4132012            5.5204215            3.8605459
 51544.0     80760.0000000000            3613.828093            5075.285393           -3174.479719           -3.6734837            5.1765592            4.0916220
 51544.0     80820.0000000000            3385.992072            5375.014751           -2922.477058           -3.9184012            4.8109135            4.3055269
 51544.0     80880.0000000000            3143.947998            5652.189859           -2658.178118           -4.1469185            4.4250132            4.5013529
 51544.0     80940.0000000000            2888.709236            5905.643509           -2382.692989           -4.3580688            4.0204745            4.6782677
 51544.0     81000.0000000000            2621.345021            6134.307924           -2097.179337           -4.5509575            3.5989945            4.8355183
 51544.0     81060.0000000000            2342.975988            6337.219389           -1802.837538           -4.7247663            3.1623437            4.9724346
 51544.0     81120.0000000000            2054.769470            6513.522449           -1500.905612           -4.8787575            2.7123589            5.0884324
 51544.0     81180.0000000000            1757.934581            6662.473643           -1192.653987           -5.0122768            2.2509351            5.1830162
 51544.0     81240.0000000000            1453.717097            6783.444756            -879.380097           -5.1247568            1.7800174            5.2557816
 51544.0     81300.0000000000            1143.394175            6875.925573            -562.402854           -5.2157193            1.3015927            5.3064172
 51544.0     81360.0000000000             828.268918            6939.526118            -243.057026           -5.2847780            0.8176806            5.3347063
 51544.0     81420.0000000000             509.664820            6973.978359              77.312481           -5.3316397            0.3303247            5.3405276
 51544.0     81480.0000000000             188.920121            6979.137379             397.356373           -5.3561063           -0.1584162            5.3238563
 51544.0     81540.0000000000            -132.617912            6954.982003             715.726750           -5.3580751           -0.6464777            5.2847637
 51544.0     81600.0000000000            -453.598741            6901.614870            1031.082876           -5.3375397           -1.1317987            5.2234172
 51544.0     81660.0000000000            -772.674322            6819.261959            1342.096917           -5.2945897           -1.6123304            5.1400792
 51544.0     81720.0000000000           -1088.504851            6708.271578            1647.459613           -5.2294101           -2.0860455            5.0351061
 51544.0     81780.0000000000           -1399.764478            6569.112800            1945.885864           -5.1422807           -2.5509471            4.9089466
 51544.0     81840.0000000000           -1705.146934            6402.373388            2236.120193           -5.0335742           -3.0050774            4.7621392
 51544.0     81900.0000000000           -2003.371065            6208.757188            2516.942078           -4.9037548           -3.4465260            4.5953099
 51544.0     81960.0000000000           -2293.186251            5989.081037            2787.171102           -4.7533755           -3.8734383            4.4091692
 51544.0     82020.0000000000           -2573.377662            5744.271182            3045.671930           -4.5830759           -4.2840233            4.2045086
 51544.0     82080.0000000000           -2842.771359            5475.359239            3291.359068           -4.3935789           -4.6765609            3.9821973
 51544.0     82140.0000000000           -3100.239189            5183.477719            3523.201391           -4.1856873           -5.0494091            3.7431777
 51544.0     82200.0000000000           -3344.703480            4869.855133            3740.226427           -3.9602803           -5.4010110            3.4884619
 51544.0     82260.0000000000           -3575.141498            4535.810716            3941.524376           -3.7183093           -5.7299004            3.2191261
 51544.0     82320.0000000000           -3790.589663            4182.748785            4126.251855           -3.4607939           -6.0347083            2.9363070
 51544.0     82380.0000000000           -3990.147501            3812.152765            4293.635346           -3.1888173           -6.3141677            2.6411961
 51544.0     82440.0000000000           -4172.981319            3425.578906            4442.974345           -2.9035216           -6.5671187            2.3350347
 51544.0     82500.0000000000           -4338.327603            3024.649726            4573.644204           -2.6061031           -6.7925131            2.0191092
 51544.0     82560.0000000000           -4485.496104            2611.047205            4685.098648           -2.2978069           -6.9894178            1.6947448
 51544.0     82620.0000000000           -4613.872636            2186.505750            4776.871968           -1.9799223           -7.1570186            1.3633008
 51544.0     82680.0000000000           -4722.921545            1752.804979            4848.580890           -1.6537770           -7.2946232            1.0261648
 51544.0     82740.0000000000           -4812.187865            1311.762331            4899.926093           -1.3207320           -7.4016637            0.6847468
 51544.0     82800.0000000000           -4881.299151             865.225543            4930.693405           -0.9821760           -7.4776982            0.3404740
 51544.0     82860.0000000000           -4929.966972             415.065017            4940.754646           -0.6395199           -7.5224134           -0.0052152
 51544.0     82920.0000000000           -4957.988077             -36.833894            4930.068135           -0.2941911           -7.5356245           -0.3508769
 51544.0     82980.0000000000           -4965.245221            -488.578657            4898.678845            0.0523718           -7.5172768           -0.6950675
 51544.0     83040.0000000000           -4951.707647            -938.277358            4846.718226            0.3987254           -7.4674457           -1.0363491
 51544.0     83100.0000000000           -4917.431230           -1384.046492            4774.403669            0.7434264           -7.3863363           -1.3732956
 51544.0     83160.0000000000           -4862.558277           -1824.018745            4682.037642            1.0850379           -7.2742827           -1.7044984
 51544.0     83220.0000000000           -4787.316977           -2256.350700            4570.006475            1.4221351           -7.1317473           -2.0285715
 51544.0     83280.0000000000           -4692.020515           -2679.230472            4438.778812            1.7533106           -6.9593185           -2.3441580
 51544.0     83340.0000000000           -4577.065839           -3090.885235            4288.903730            2.0771805           -6.7577094           -2.6499349
 51544.0     83400.0000000000           -4442.932086           -3489.588598            4121.008519            2.3923900           -6.5277543           -2.9446187
 51544.0     83460.0000000000           -4290.178671           -3873.667825            3935.796154            2.6976190           -6.2704067           -3.2269710
 51544.0     83520.0000000000           -4119.443046           -4241.510846            3734.042430            2.9915874           -5.9867349           -3.4958037
 51544.0     83580.0000000000           -3931.438122           -4591.573051            3516.592808            3.2730606           -5.6779184           -3.7499836
 51544.0     83640.0000000000           -3726.949385           -4922.383819            3284.358946            3.5408551           -5.3452433           -3.9884381
 51544.0     83700.0000000000           -3506.831684           -5232.552766            3038.314948            3.7938431           -4.9900972           -4.2101591
 51544.0     83760.0000000000           -3272.005727           -5520.775675            2779.493340            4.0309578           -4.6139637           -4.4142080
 51544.0     83820.0000000000           -3023.454284           -5785.840083            2508.980780            4.2511981           -4.2184166           -4.5997197
 51544.0     83880.0000000000           -2762.218115           -6026.630492            2227.913523            4.4536329           -3.8051133           -4.7659066
 51544.0     83940.0000000000           -2489.391631           -6242.133189            1937.472665            4.6374055           -3.3757879           -4.9120623
 51544.0     84000.0000000000           -2206.118317           -6431.440635            1638.879172            4.8017375           -2.9322442           -5.0375647
 51544.0     84060.0000000000           -1913.585931           -6593.755405            1333.388727            4.9459322           -2.4763477           -5.1418790
 51544.0     84120.0000000000           -1613.021490           -6728.393665            1022.286411            5.0693780           -2.0100178           -5.2245605
 51544.0     84180.0000000000           -1305.686086           -6834.788152             706.881246            5.1715512           -1.5352195           -5.2852563
 51544.0     84240.0000000000            -992.869531           -6912.490654             388.500620            5.2520184           -1.0539546           -5.3237072
 51544.0     84300.0000000000            -675.884881           -6961.173962              68.484629            5.3104386           -0.5682533           -5.3397490
 51544.0     84360.0000000000            -356.062839           -6980.633301            -251.819650            5.3465648           -0.0801650           -5.3333134
 51544.0     84420.0000000000             -34.746092           -6970.787209            -571.063910            5.3602448            0.4082508           -5.3044277
 51544.0     84480.0000000000             286.716421           -6931.677883            -887.904383            5.3514222            0.8949331           -5.2532156
 51544.0     84540.0000000000             606.975251           -6863.470971           -1201.007571            5.3201366            1.3778293           -5.1798960
 51544.0     84600.0000000000             924.686191           -6766.454822           -1509.055947            5.2665230            1.8549036           -5.0847818
 51544.0     84660.0000000000            1238.515993           -6641.039203           -1810.753560            5.1908115            2.3241460           -4.9682791
 51544.0     84720.0000000000            1547.148024           -6487.753476           -2104.831546            5.0933257            2.7835813           -4.8308845
 51544.0     84780.0000000000            1849.287849           -6307.244263           -2390.053510            4.9744815            3.2312776           -4.6731832
 51544.0     84840.0000000000            2143.668692           -6100.272602           -2665.220751            4.8347847            3.6653542           -4.4958459
 51544.0     84900.0000000000            2429.056772           -5867.710621           -2929.177311            4.6748288            4.0839901           -4.2996260
 51544.0     84960.0000000000            2704.256477           -5610.537736           -3180.814822            4.4952921            4.4854313           -4.0853561
 51544.0     85020.0000000000            2968.115361           -5329.836404           -3419.077141            4.2969347            4.8679983           -3.8539436
 51544.0     85080.0000000000            3219.528941           -5026.787454           -3642.964742            4.0805947            5.2300926           -3.6063676
 51544.0     85140.0000000000            3457.445272           -4702.665019           -3851.538852            3.8471845            5.5702037           -3.3436735
 51544.0     85200.0000000000            3680.869294           -4358.831085           -4043.925324            3.5976871            5.8869145           -3.0669692
 51544.0     85260.0000000000            3888.866915           -3996.729706           -4219.318222            3.3331512            6.1789075           -2.7774198
 51544.0     85320.0000000000            4080.568842           -3617.880888           -4376.983111            3.0546872            6.4449692           -2.4762426
 51544.0     85380.0000000000            4255.174122           -3223.874184           -4516.260045            2.7634620            6.6839955           -2.1647024
 51544.0     85440.0000000000            4411.953401           -2816.362032           -4636.566242            2.4606944            6.8949953           -1.8441056
 51544.0     85500.0000000000            4550.251882           -2397.052843           -4737.398430            2.1476499            7.0770943           -1.5157954
 51544.0     85560.0000000000            4669.491970           -1967.703892           -4818.334879            1.8256356            7.2295385           -1.1811456
 51544.0     85620.0000000000            4769.175610           -1530.114027           -4879.037085            1.4959949            7.3516966           -0.8415557
 51544.0     85680.0000000000            4848.886297           -1086.116220           -4919.251133            1.1601018            7.4430628           -0.4984449
 51544.0     85740.0000000000            4908.290761            -637.569997           -4938.808709            0.8193559            7.5032580           -0.1532464
 51544.0     85800.0000000000            4947.140321            -186.353771           -4937.627778            0.4751763            7.5320319            0.1925980
 51544.0     85860.0000000000            4965.271903             265.642896           -4915.712913            0.1289964            7.5292634            0.5376441
 51544.0     85920.0000000000            4962.608713             716.527083           -4873.155284           -0.2177420            7.4949615            0.8804505
 51544.0     85980.0000000000            4939.160584            1164.410299           -4810.132302           -0.5635943            7.4292650            1.2195848
 51544.0     86040.0000000000            4895.023959            1607.416279           -4726.906921           -0.9071188            7.3324425            1.5536290
 51544.0     86100.0000000000            4830.381549            2043.688733           -4623.826592           -1.2468827            7.2048910            1.8811854
 51544.0     86160.0000000000            4745.501632            2471.399025           -4501.321888           -1.5814675            7.0471350            2.2008820
 51544.0     86220.0000000000            4640.737019            2888.753768           -4359.904781           -1.9094749            6.8598247            2.5113784
 51544.0     86280.0000000000            4516.523665            3294.002290           -4200.166590           -2.2295325            6.6437333            2.8113709
 51544.0     86340.0000000000            4373.378951            3685.443944           -4022.775604           -2.5402997            6.3997546            3.0995984
 51545.0         0.0000000000            4211.899620            4061.435246           -3828.474382           -2.8404725            6.1288997            3.3748475
